ExitSpeed,Angle,PitchCall,TaggedHitType,PlayResult,Outcome
51.02917,37.186854,InPlay,FlyBall,Out,Out
58.94653,41.80959,InPlay,FlyBall,Out,Out
52.62558,-13.644409,InPlay,GroundBall,Out,Out
63.40501,-14.361706,InPlay,GroundBall,Out,Out
35.4357,-36.058144,InPlay,GroundBall,Out,Out
66.81132,7.525668,InPlay,LineDrive,Single,Single
72.4352,-20.643482,InPlay,GroundBall,Double,XBH
61.00191,18.045258,InPlay,LineDrive,Double,XBH
63.4326,9.62713,InPlay,LineDrive,Single,Single
63.36372,-29.460539,InPlay,GroundBall,Out,Out
42.20866,87.33669,InPlay,Popup,Out,Out
64.78114,-44.694999,InPlay,GroundBall,Out,Out
79.33047,-12.47054,InPlay,GroundBall,Out,Out
53.52024,9.630924,InPlay,GroundBall,Out,Out
46.67541,84.881365,InPlay,Popup,Out,Out
66.32614,-55.77523,InPlay,GroundBall,Single,Single
64.90252,-12.272196,InPlay,GroundBall,Fielderschoice,Out
63.43506,18.172878,InPlay,LineDrive,Single,Single
19.97345,-8.179777,InPlay,GroundBall,Out,Out
52.54598,15.045912,InPlay,LineDrive,Double,XBH
67.85357,5.489714,InPlay,LineDrive,Double,XBH
68.10051,12.42663,InPlay,LineDrive,Double,XBH
70.99307,26.535078,InPlay,FlyBall,Homerun,Homerun
65.80261,1.672675,InPlay,LineDrive,Single,Single
61.85817,-9.89765,InPlay,GroundBall,Out,Out
51.57256,-40.642333,InPlay,GroundBall,Out,Out
51.84335,-4.732438,InPlay,GroundBall,Single,Single
56.15418,-8.643418,InPlay,GroundBall,Fielderschoice,Out
77.86417,8.648783,InPlay,LineDrive,Single,Single
43.63032,34.625843,InPlay,Popup,Out,Out
54.57969,45.15075,InPlay,FlyBall,Out,Out
48.49075,60.423027,InPlay,Popup,Out,Out
51.35187,18.938607,InPlay,LineDrive,Single,Single
39.5991,-17.864048,InPlay,GroundBall,Out,Out
62.03364,16.957736,InPlay,LineDrive,Out,Out
60.94193,50.30438,InPlay,FlyBall,Out,Out
64.44312,-18.259248,InPlay,GroundBall,Out,Out
36.44129,-45.120974,InPlay,GroundBall,Out,Out
54.57282,21.390586,InPlay,LineDrive,Single,Single
71.5902,22.356006,InPlay,FlyBall,Triple,XBH
64.89091,22.462389,InPlay,LineDrive,Out,Out
70.38267,-20.037377,InPlay,GroundBall,Out,Out
47.91056,51.755419,InPlay,Popup,Out,Out
74.53801,15.104475,InPlay,LineDrive,Single,Single
60.68652,14.850677,InPlay,LineDrive,Double,XBH
49.8382,34.431148,InPlay,Popup,Single,Single
57.38115,36.59017,InPlay,FlyBall,Out,Out
59.18895,4.837424,InPlay,LineDrive,Out,Out
43.83546,24.296239,InPlay,LineDrive,Double,XBH
62.27939,20.673877,InPlay,LineDrive,Out,Out
64.28862,-13.620408,InPlay,GroundBall,Double,XBH
56.52076,-11.547865,InPlay,GroundBall,Out,Out
57.19452,29.728202,InPlay,FlyBall,Out,Out
65.8691,15.480746,InPlay,FlyBall,Out,Out
59.18927,27.497637,InPlay,FlyBall,Out,Out
72.86446,37.829158,InPlay,FlyBall,Homerun,Homerun
66.32118,24.035061,InPlay,FlyBall,Out,Out
59.1785,38.204645,InPlay,FlyBall,Out,Out
70.95632,16.460966,InPlay,LineDrive,Double,XBH
53.93695,71.264237,InPlay,Popup,Out,Out
53.88473,27.782005,InPlay,FlyBall,Out,Out
50.64867,-38.350665,InPlay,GroundBall,Out,Out
59.00698,62.869784,InPlay,Popup,Out,Out
63.04337,32.835155,InPlay,FlyBall,Out,Out
36.64606,68.241384,InPlay,FlyBall,Out,Out
45.30202,41.043175,InPlay,FlyBall,Out,Out
75.05274,12.334138,InPlay,LineDrive,Single,Single
54.67397,26.192087,InPlay,FlyBall,Single,Single
65.7454,-8.211283,InPlay,GroundBall,Out,Out
58.1979,30.52852,InPlay,FlyBall,Out,Out
58.51975,22.22877,InPlay,LineDrive,Out,Out
61.06489,44.042411,InPlay,FlyBall,Out,Out
63.27348,37.224576,InPlay,FlyBall,Out,Out
70.64252,31.278623,InPlay,FlyBall,Out,Out
62.68665,33.406984,InPlay,FlyBall,Out,Out
50.01268,33.516641,InPlay,FlyBall,Single,Single
60.86029,30.128545,InPlay,FlyBall,Out,Out
66.07642,33.353043,InPlay,FlyBall,Out,Out
71.49988,32.629212,InPlay,FlyBall,Homerun,Homerun
69.05136,11.193342,InPlay,LineDrive,Single,Single
56.4973,29.261528,InPlay,FlyBall,Out,Out
65.813,27.894099,InPlay,FlyBall,Out,Out
56.87797,16.303092,InPlay,LineDrive,Single,Single
58.89557,-42.630227,InPlay,GroundBall,Out,Out
72.01249,27.440659,InPlay,FlyBall,Triple,XBH
55.72957,46.72605,InPlay,FlyBall,Out,Out
60.06832,-4.971925,InPlay,GroundBall,Single,Single
71.53408,-0.031517,InPlay,GroundBall,Single,Single
60.47325,-11.591162,InPlay,GroundBall,Out,Out
69.7449,13.772549,InPlay,LineDrive,Out,Out
57.059,-28.299962,InPlay,GroundBall,Out,Out
58.92406,-10.152013,InPlay,GroundBall,Out,Out
57.3632,-18.864739,InPlay,GroundBall,Out,Out
58.53232,55.524978,InPlay,Popup,Out,Out
36.61494,-43.159132,InPlay,GroundBall,Out,Out
55.73293,3.504148,InPlay,GroundBall,Double,XBH
58.7028,64.908613,InPlay,Popup,Out,Out
44.52196,40.322997,InPlay,Popup,Out,Out
65.05328,31.83323,InPlay,LineDrive,Double,XBH
64.29592,41.229322,InPlay,FlyBall,Out,Out
51.28716,-36.794173,InPlay,GroundBall,Out,Out
56.90272,34.972405,InPlay,FlyBall,Single,Single
55.15201,-24.040844,InPlay,GroundBall,Out,Out
59.60034,43.176946,InPlay,FlyBall,Out,Out
80.919,-9.282794,InPlay,GroundBall,Single,Single
41.54033,31.784624,InPlay,GroundBall,Out,Out
72.86077,-8.311413,InPlay,GroundBall,Out,Out
72.18857,5.472373,InPlay,LineDrive,Out,Out
65.91789,1.308295,InPlay,GroundBall,Single,Single
63.43988,30.831586,InPlay,FlyBall,Out,Out
64.20515,38.255782,InPlay,FlyBall,Sacrifice,Out
64.11609,14.136609,InPlay,LineDrive,Single,Single
66.45655,-5.845507,InPlay,GroundBall,Single,Single
78.00991,26.438583,InPlay,FlyBall,Homerun,Homerun
65.23022,-12.185055,InPlay,GroundBall,Error,Out
46.03284,31.518507,InPlay,LineDrive,Single,Single
58.5388,-9.046794,InPlay,GroundBall,Out,Out
43.35282,36.015361,InPlay,Popup,Out,Out
60.16193,35.549888,InPlay,FlyBall,Out,Out
61.71603,-9.028014,InPlay,SlapHit,Out,Out
30.21485,20.603101,InPlay,GroundBall,Error,Out
41.46607,-17.884815,InPlay,GroundBall,Out,Out
62.34082,41.91244,InPlay,FlyBall,Out,Out
70.09416,13.583241,InPlay,LineDrive,Out,Out
56.6301,0.434629,InPlay,GroundBall,Fielderschoice,Out
45.36319,11.616873,InPlay,GroundBall,Out,Out
49.08866,28.701949,InPlay,FlyBall,Out,Out
53.92883,33.23129,InPlay,FlyBall,Out,Out
61.75002,40.64307,InPlay,FlyBall,Out,Out
63.27335,-18.405163,InPlay,SlapHit,Out,Out
58.88343,18.572627,InPlay,FlyBall,Single,Single
70.40303,-16.574006,InPlay,GroundBall,Out,Out
54.16574,-37.665027,InPlay,GroundBall,Error,Out
62.31457,36.482345,InPlay,FlyBall,Out,Out
54.4646,28.203413,InPlay,LineDrive,Out,Out
49.46224,-13.924165,InPlay,GroundBall,Single,Single
45.95532,-57.553439,InPlay,SlapHit,Single,Single
46.81993,-10.263524,InPlay,GroundBall,Fielderschoice,Out
37.01745,-8.582861,InPlay,GroundBall,Single,Single
59.73246,-18.68861,InPlay,GroundBall,Out,Out
61.9751,19.297919,InPlay,FlyBall,Out,Out
65.31234,-8.865935,InPlay,GroundBall,Out,Out
56.7549,22.252442,InPlay,FlyBall,Double,XBH
66.60185,6.312146,InPlay,LineDrive,Out,Out
38.78264,54.13015,InPlay,Popup,Out,Out
52.99883,7.583458,InPlay,LineDrive,Single,Single
63.28826,-20.800306,InPlay,GroundBall,Out,Out
72.40822,8.226228,InPlay,LineDrive,Single,Single
63.36999,19.109814,InPlay,FlyBall,Out,Out
46.97336,-63.814602,InPlay,SlapHit,Error,Out
63.16583,35.74512,InPlay,FlyBall,Out,Out
70.87433,41.328564,InPlay,FlyBall,Out,Out
65.87027,49.166348,InPlay,FlyBall,Out,Out
72.51181,-9.869959,InPlay,GroundBall,Out,Out
77.617,11.448807,InPlay,LineDrive,Double,XBH
75.74194,0.791664,InPlay,GroundBall,Out,Out
75.74471,2.281586,InPlay,LineDrive,Single,Single
49.26242,-20.175702,InPlay,GroundBall,Out,Out
51.98734,48.859008,InPlay,FlyBall,Out,Out
39.14452,-43.874512,InPlay,GroundBall,Out,Out
67.33503,47.199889,InPlay,FlyBall,Out,Out
59.56372,-19.744968,InPlay,GroundBall,Out,Out
69.66538,-19.984097,InPlay,GroundBall,Out,Out
50.81327,10.954333,InPlay,GroundBall,Single,Single
65.31546,22.348767,InPlay,FlyBall,Out,Out
54.37729,-19.682687,InPlay,GroundBall,Error,Out
61.80594,-6.11108,InPlay,GroundBall,Out,Out
46.19104,-14.915786,InPlay,GroundBall,Out,Out
70.95985,-4.266047,InPlay,GroundBall,Double,XBH
59.68866,-13.095105,InPlay,GroundBall,Out,Out
61.60846,-17.040352,InPlay,GroundBall,Out,Out
49.30623,19.72531,InPlay,LineDrive,Out,Out
63.8111,16.23014,InPlay,LineDrive,Single,Single
65.83869,38.29831,InPlay,FlyBall,Out,Out
56.06486,37.75741,InPlay,FlyBall,Out,Out
50.36502,49.0762,InPlay,FlyBall,Out,Out
55.19227,7.771847,InPlay,GroundBall,Out,Out
39.32567,30.590306,InPlay,Popup,Out,Out
20.78878,-68.746154,InPlay,GroundBall,Out,Out
61.01888,30.778058,InPlay,FlyBall,Out,Out
68.51964,11.559337,InPlay,LineDrive,Single,Single
56.35523,24.132847,InPlay,LineDrive,Single,Single
60.8046,29.764457,InPlay,FlyBall,Out,Out
45.66609,13.409552,InPlay,GroundBall,Out,Out
59.80171,44.487534,InPlay,FlyBall,Out,Out
71.79802,-13.497832,InPlay,GroundBall,Out,Out
73.28793,19.483444,InPlay,LineDrive,Double,XBH
61.38971,-12.931828,InPlay,LineDrive,Single,Single
50.7096,23.553542,InPlay,FlyBall,Single,Single
72.93096,4.039095,InPlay,LineDrive,Single,Single
66.815,31.672554,InPlay,FlyBall,Out,Out
59.89039,30.22953,InPlay,FlyBall,Single,Single
48.06094,10.917156,InPlay,GroundBall,Single,Single
57.70702,30.951795,InPlay,FlyBall,Out,Out
60.92153,63.115685,InPlay,Popup,Out,Out
41.89473,10.250809,InPlay,LineDrive,Single,Single
73.30327,-5.61913,InPlay,GroundBall,Single,Single
67.126,7.193789,InPlay,LineDrive,Double,XBH
58.13579,-0.881089,InPlay,GroundBall,Out,Out
65.95165,15.917042,InPlay,LineDrive,Single,Single
62.31288,18.58706,InPlay,LineDrive,Single,Single
39.48373,4.775278,InPlay,GroundBall,Out,Out
62.35858,35.717575,InPlay,FlyBall,Out,Out
60.14459,16.09761,InPlay,GroundBall,Single,Single
57.21066,26.696655,InPlay,FlyBall,Out,Out
71.46622,15.204215,InPlay,LineDrive,Double,XBH
52.5462,60.55705,InPlay,Popup,Out,Out
49.88716,25.28593,InPlay,FlyBall,Single,Single
66.6424,7.771915,InPlay,LineDrive,Out,Out
58.37249,-30.209273,InPlay,GroundBall,Out,Out
74.28577,34.601903,InPlay,FlyBall,Out,Out
73.23959,-1.86498,InPlay,GroundBall,Single,Single
56.86111,70.180743,InPlay,Popup,Out,Out
62.38264,13.727574,InPlay,LineDrive,Double,XBH
42.84928,-25.66095,InPlay,GroundBall,Out,Out
53.45762,4.461145,InPlay,GroundBall,Single,Single
63.81602,11.345101,InPlay,LineDrive,Single,Single
69.48458,-6.235461,InPlay,GroundBall,Single,Single
54.42804,25.785626,InPlay,LineDrive,Single,Single
77.58098,-1.689829,InPlay,GroundBall,Single,Single
60.20069,36.862547,InPlay,FlyBall,Out,Out
63.07589,-3.924323,InPlay,GroundBall,Single,Single
67.00519,21.428187,InPlay,LineDrive,Double,XBH
69.55389,3.880406,InPlay,GroundBall,Out,Out
56.21703,-3.142585,InPlay,GroundBall,Single,Single
57.286,58.708874,InPlay,Popup,Out,Out
38.56379,35.566434,InPlay,Popup,Out,Out
61.9224,3.664556,InPlay,GroundBall,Single,Single
53.26172,55.634513,InPlay,FlyBall,Out,Out
69.34536,-3.11262,InPlay,GroundBall,Single,Single
45.41356,-8.270282,InPlay,GroundBall,Out,Out
55.5746,-18.133162,InPlay,GroundBall,Out,Out
30.57448,-12.523042,InPlay,GroundBall,Out,Out
63.55756,19.214999,InPlay,FlyBall,Single,Single
59.35075,30.478999,InPlay,FlyBall,Out,Out
62.77016,-11.167141,InPlay,GroundBall,Single,Single
56.21066,23.190006,InPlay,FlyBall,Single,Single
65.04462,21.943394,InPlay,LineDrive,Out,Out
60.04395,-27.440882,InPlay,GroundBall,Out,Out
67.58602,5.090612,InPlay,GroundBall,Single,Single
44.18098,-19.745875,InPlay,GroundBall,Fielderschoice,Out
60.29969,6.035219,InPlay,LineDrive,Single,Single
72.76754,27.736327,InPlay,FlyBall,Homerun,Homerun
78.79819,6.852206,InPlay,LineDrive,Double,XBH
70.13465,-7.356371,InPlay,GroundBall,Out,Out
54.22509,-20.080814,InPlay,GroundBall,Single,Single
65.6818,30.247813,InPlay,FlyBall,Out,Out
36.93501,65.086304,InPlay,Popup,Out,Out
65.36206,-17.963011,InPlay,GroundBall,Out,Out
69.21135,-16.371748,InPlay,GroundBall,Single,Single
48.68044,1.458967,InPlay,GroundBall,Single,Single
55.36225,47.37484,InPlay,FlyBall,Out,Out
52.5249,37.235791,InPlay,FlyBall,Out,Out
68.52474,-0.800781,InPlay,GroundBall,Single,Single
50.83265,-17.044451,InPlay,GroundBall,Fielderschoice,Out
70.1446,10.695549,InPlay,LineDrive,Double,XBH
49.6672,66.287998,InPlay,Popup,Out,Out
64.77992,23.389514,InPlay,FlyBall,Out,Out
56.30208,44.232095,InPlay,Popup,Out,Out
50.63864,71.510608,InPlay,Popup,Out,Out
74.92452,26.146552,InPlay,FlyBall,Out,Out
53.49621,8.690009,InPlay,LineDrive,Single,Single
67.27746,3.279116,InPlay,LineDrive,Single,Single
72.13563,21.87057,InPlay,LineDrive,Double,XBH
37.69828,-55.441476,InPlay,GroundBall,Out,Out
67.53322,16.838132,InPlay,LineDrive,Out,Out
59.73686,3.799556,InPlay,LineDrive,Triple,XBH
34.8296,28.699598,InPlay,Popup,Out,Out
63.19167,38.127746,InPlay,FlyBall,Out,Out
61.7944,41.348168,InPlay,FlyBall,Out,Out
65.6899,9.927231,InPlay,LineDrive,Single,Single
55.25349,10.303802,InPlay,LineDrive,Out,Out
68.6425,30.928733,InPlay,FlyBall,Double,XBH
36.41613,-10.787779,InPlay,GroundBall,Out,Out
48.1524,22.623864,InPlay,LineDrive,Single,Single
43.90314,-9.13366,InPlay,GroundBall,Out,Out
55.36837,3.3445,InPlay,GroundBall,Out,Out
67.81584,5.598575,InPlay,GroundBall,Single,Single
48.00742,-29.857751,InPlay,GroundBall,Out,Out
75.63241,2.053981,InPlay,GroundBall,Single,Single
72.19745,5.628416,InPlay,GroundBall,Fielderschoice,Out
64.59877,-3.390213,InPlay,GroundBall,Single,Single
32.73439,-27.155799,InPlay,GroundBall,Fielderschoice,Out
59.04541,16.496354,InPlay,LineDrive,Single,Single
50.3762,-11.402661,InPlay,GroundBall,Error,Out
59.10366,-16.154089,InPlay,GroundBall,Single,Single
21.03063,-52.256012,InPlay,GroundBall,Out,Out
63.85395,-8.214271,InPlay,GroundBall,Double,XBH
69.65204,49.643511,InPlay,FlyBall,Double,XBH
66.30257,23.797964,InPlay,FlyBall,Double,XBH
63.6071,44.160924,InPlay,FlyBall,Out,Out
64.79964,39.820865,InPlay,FlyBall,Error,Out
58.83768,33.445494,InPlay,FlyBall,Out,Out
72.36605,-4.179059,InPlay,GroundBall,Error,Out
72.85604,3.299283,InPlay,GroundBall,Single,Single
63.05222,2.018255,InPlay,GroundBall,Single,Single
73.81013,-3.969212,InPlay,GroundBall,Single,Single
68.99712,-19.668716,InPlay,GroundBall,Out,Out
54.70996,63.632482,InPlay,Popup,Out,Out
57.42846,62.66802,InPlay,Popup,Out,Out
55.08366,30.174212,InPlay,FlyBall,Out,Out
54.03618,62.950261,InPlay,Popup,Out,Out
56.08593,5.282379,InPlay,GroundBall,Out,Out
72.31395,34.631233,InPlay,FlyBall,Homerun,Homerun
27.83844,-20.834086,InPlay,GroundBall,Error,Out
69.72133,34.113807,InPlay,FlyBall,Out,Out
61.57817,6.511524,InPlay,GroundBall,Double,XBH
73.27931,30.485349,InPlay,FlyBall,Homerun,Homerun
64.22233,-10.576943,InPlay,GroundBall,Single,Single
40.03623,-19.783469,InPlay,GroundBall,Out,Out
66.84928,65.16182,InPlay,Popup,Out,Out
43.22759,-30.878124,InPlay,GroundBall,Out,Out
47.23853,-24.371677,InPlay,GroundBall,Single,Single
58.37265,17.981644,InPlay,LineDrive,Double,XBH
55.13365,25.348787,InPlay,FlyBall,Single,Single
70.12326,34.539969,InPlay,FlyBall,Double,XBH
66.47933,22.163652,InPlay,FlyBall,Out,Out
56.28409,20.310983,InPlay,LineDrive,Single,Single
57.85761,54.259666,InPlay,FlyBall,Out,Out
60.99051,-18.048376,InPlay,GroundBall,Out,Out
46.14684,45.00785,InPlay,FlyBall,Out,Out
65.64294,-19.078085,InPlay,GroundBall,Out,Out
44.58549,49.284154,InPlay,Popup,Out,Out
47.14373,11.151226,InPlay,GroundBall,Out,Out
75.73253,2.156449,InPlay,GroundBall,Single,Single
67.02495,13.061199,InPlay,LineDrive,Single,Single
28.99058,-54.332987,InPlay,SlapHit,Double,XBH
52.10543,-9.234491,InPlay,GroundBall,Single,Single
57.36535,31.635484,InPlay,FlyBall,Out,Out
71.40084,25.83937,InPlay,LineDrive,Double,XBH
46.70622,-5.860468,InPlay,GroundBall,Out,Out
49.96479,49.413259,InPlay,Popup,Out,Out
71.94231,9.860393,InPlay,LineDrive,Single,Single
73.50347,0.824086,InPlay,GroundBall,Single,Single
72.538,0.79,InPlay,GroundBall,Single,Single
31.96964,47.822604,InPlay,Popup,Out,Out
49.37695,11.097159,InPlay,GroundBall,Out,Out
59.51694,-13.17497,InPlay,GroundBall,Single,Single
74.03221,24.511643,InPlay,LineDrive,Homerun,Homerun
63.27327,27.284889,InPlay,FlyBall,Out,Out
20.37985,-19.941963,InPlay,GroundBall,Out,Out
66.81624,-6.364543,InPlay,GroundBall,Single,Single
61.98022,10.23924,InPlay,GroundBall,Single,Single
50.27385,9.587034,InPlay,GroundBall,Out,Out
35.91287,-8.341027,InPlay,GroundBall,Out,Out
36.6554,-47.419312,InPlay,GroundBall,Out,Out
62.1562,3.403886,InPlay,GroundBall,Single,Single
44.15061,-14.872218,InPlay,GroundBall,Error,Out
30.488,-34.06084,InPlay,GroundBall,Out,Out
55.90127,17.334611,InPlay,LineDrive,Out,Out
43.73289,-12.323396,InPlay,GroundBall,Single,Single
54.15001,24.920107,InPlay,FlyBall,Out,Out
64.23339,-3.118944,InPlay,GroundBall,Single,Single
34.90133,33.047674,InPlay,GroundBall,Single,Single
51.46335,-16.644036,InPlay,GroundBall,Out,Out
60.79396,-6.56236,InPlay,GroundBall,Single,Single
27.87662,-29.175243,InPlay,GroundBall,Single,Single
47.54561,-23.642642,InPlay,SlapHit,Single,Single
50.52374,44.456304,InPlay,FlyBall,Out,Out
44.61565,-19.320576,InPlay,GroundBall,Single,Single
34.48838,-30.794772,InPlay,GroundBall,Out,Out
36.20036,-16.071751,InPlay,GroundBall,Out,Out
70.74078,14.515897,InPlay,LineDrive,Double,XBH
62.26683,-3.12923,InPlay,GroundBall,Single,Single
66.97839,5.405012,InPlay,GroundBall,Double,XBH
77.93914,12.928779,InPlay,LineDrive,Single,Single
73.03684,3.626136,InPlay,GroundBall,Double,XBH
69.77881,47.334078,InPlay,FlyBall,Out,Out
62.11162,-6.809516,InPlay,GroundBall,Out,Out
38.68631,44.982546,InPlay,Popup,Out,Out
38.90394,35.444505,InPlay,Popup,Out,Out
43.31301,-43.884694,InPlay,GroundBall,Single,Single
64.23847,10.226274,InPlay,GroundBall,Out,Out
57.59954,22.089438,InPlay,LineDrive,Single,Single
47.44501,64.62332,InPlay,Popup,Out,Out
31.11568,-36.557983,InPlay,GroundBall,Out,Out
62.21459,27.776637,InPlay,FlyBall,Out,Out
51.33378,19.146756,InPlay,FlyBall,Single,Single
64.07408,46.956519,InPlay,Popup,Out,Out
64.71831,7.323333,InPlay,GroundBall,Single,Single
69.44856,21.783236,InPlay,LineDrive,Double,XBH
74.98186,1.260616,InPlay,GroundBall,Double,XBH
60.59078,47.556859,InPlay,FlyBall,Out,Out
72.23913,19.574203,InPlay,LineDrive,Double,XBH
61.46322,52.490488,InPlay,FlyBall,Out,Out
56.39582,18.291913,InPlay,LineDrive,Single,Single
69.68562,8.697639,InPlay,LineDrive,Out,Out
51.07386,15.462075,InPlay,LineDrive,Out,Out
70.58949,3.991407,InPlay,LineDrive,Single,Single
57.42025,4.719979,InPlay,GroundBall,Out,Out
61.95767,53.80272,InPlay,FlyBall,Out,Out
58.30418,53.712709,InPlay,FlyBall,Out,Out
70.92898,-4.708973,InPlay,GroundBall,Single,Single
70.11755,28.6845,InPlay,LineDrive,Double,XBH
61.31853,20.356157,InPlay,LineDrive,Single,Single
54.68521,37.647484,InPlay,FlyBall,Out,Out
70.85321,9.615071,InPlay,LineDrive,Single,Single
58.05982,74.117009,InPlay,Popup,Out,Out
22.55733,-10.150279,InPlay,GroundBall,Out,Out
51.49298,25.581856,InPlay,FlyBall,Single,Single
41.14325,38.275494,InPlay,Popup,Out,Out
67.42862,27.448848,InPlay,LineDrive,Out,Out
72.94339,11.581933,InPlay,LineDrive,Double,XBH
73.37864,31.65714,InPlay,LineDrive,Homerun,Homerun
57.67906,-22.321162,InPlay,GroundBall,Out,Out
65.28547,-12.784456,InPlay,GroundBall,Out,Out
67.69879,-11.23091,InPlay,GroundBall,Out,Out
52.16588,40.796437,InPlay,FlyBall,Single,Single
69.97934,38.597786,InPlay,FlyBall,Out,Out
72.80064,19.977664,InPlay,LineDrive,Out,Out
57.53129,21.335259,InPlay,FlyBall,Single,Single
34.97163,-15.976064,InPlay,GroundBall,Out,Out
50.57058,-7.773455,InPlay,GroundBall,Out,Out
42.01593,-15.913865,InPlay,GroundBall,Out,Out
67.07545,-2.835084,InPlay,GroundBall,Fielderschoice,Out
52.01692,62.886265,InPlay,Popup,Out,Out
56.78621,70.366843,InPlay,Popup,Out,Out
59.60939,-2.516256,InPlay,GroundBall,Out,Out
49.24359,30.844966,InPlay,FlyBall,Single,Single
69.32829,38.342549,InPlay,FlyBall,Homerun,Homerun
53.95549,11.258614,InPlay,GroundBall,Single,Single
65.08066,-13.167816,InPlay,GroundBall,Double,XBH
78.04563,36.13268,InPlay,FlyBall,Homerun,Homerun
54.19382,28.33026,InPlay,FlyBall,Out,Out
68.86528,20.325029,InPlay,LineDrive,Out,Out
62.95567,2.666747,InPlay,GroundBall,Single,Single
61.05909,61.762186,InPlay,Popup,Out,Out
41.09507,23.972539,InPlay,GroundBall,Out,Out
49.73757,-6.537484,InPlay,GroundBall,Out,Out
48.82264,12.857108,InPlay,LineDrive,Out,Out
55.66005,35.412752,InPlay,FlyBall,Out,Out
68.62796,11.504068,InPlay,LineDrive,Double,XBH
55.03431,25.276181,InPlay,LineDrive,Single,Single
40.70467,-38.448912,InPlay,GroundBall,Out,Out
38.04569,-18.596584,InPlay,GroundBall,Out,Out
59.08564,70.703593,InPlay,Popup,Error,Out
48.46348,-0.455638,InPlay,GroundBall,Out,Out
64.01727,-9.983699,InPlay,GroundBall,Single,Single
63.8735,41.458836,InPlay,FlyBall,Out,Out
55.94389,-7.968309,InPlay,GroundBall,Double,XBH
56.86559,63.783664,InPlay,Popup,Out,Out
64.96782,-15.087539,InPlay,GroundBall,Out,Out
68.42743,48.691445,InPlay,FlyBall,Out,Out
56.78633,13.34555,InPlay,LineDrive,Single,Single
63.74099,22.39002,InPlay,LineDrive,Double,XBH
66.21933,4.59844,InPlay,GroundBall,Single,Single
70.50938,-3.951544,InPlay,GroundBall,Single,Single
50.04705,-24.310249,InPlay,GroundBall,Double,XBH
57.33351,-0.164573,InPlay,GroundBall,Out,Out
41.08067,-5.033415,InPlay,GroundBall,Out,Out
53.72828,26.790705,InPlay,Popup,Out,Out
44.45106,-19.50027,InPlay,GroundBall,Out,Out
44.55962,-8.666939,InPlay,GroundBall,Out,Out
73.70301,34.82911,InPlay,FlyBall,Homerun,Homerun
55.92622,29.347155,InPlay,FlyBall,Out,Out
60.75259,10.190213,InPlay,Popup,Out,Out
63.36917,30.765889,InPlay,FlyBall,Out,Out
66.34336,18.87429,InPlay,LineDrive,Double,XBH
83.84767,19.295862,InPlay,LineDrive,Homerun,Homerun
70.65089,8.891182,InPlay,LineDrive,Single,Single
60.66477,21.429056,InPlay,FlyBall,Out,Out
34.79616,21.637804,InPlay,LineDrive,Out,Out
60.78158,-1.104791,InPlay,GroundBall,Out,Out
77.62127,25.442347,InPlay,LineDrive,Homerun,Homerun
60.68016,14.863051,InPlay,LineDrive,Double,XBH
67.37743,0.674802,InPlay,GroundBall,Out,Out
74.65641,39.932725,InPlay,FlyBall,Homerun,Homerun
61.92643,39.918377,InPlay,FlyBall,Out,Out
72.25131,7.703273,InPlay,LineDrive,Single,Single
24.07821,-7.127437,InPlay,GroundBall,Out,Out
31.85032,-11.043788,InPlay,GroundBall,Out,Out
50.20997,39.14895,InPlay,FlyBall,Single,Single
63.48589,9.7076,InPlay,LineDrive,Single,Single
64.57496,0.625756,InPlay,GroundBall,Single,Single
43.07516,-56.917682,InPlay,SlapHit,Out,Out
58.36212,56.523223,InPlay,Popup,Out,Out
51.55559,47.991996,InPlay,FlyBall,Out,Out
38.98725,55.150549,InPlay,Popup,Out,Out
58.91312,-9.29656,InPlay,GroundBall,Out,Out
61.21862,37.950565,InPlay,FlyBall,Out,Out
58.70548,-18.504621,InPlay,GroundBall,Single,Single
66.74111,28.559021,InPlay,FlyBall,Out,Out
30.36722,42.972019,InPlay,Popup,Out,Out
73.14381,3.80994,InPlay,GroundBall,Single,Single
63.50939,54.779592,InPlay,FlyBall,Out,Out
63.3469,25.191766,InPlay,LineDrive,Out,Out
34.27994,28.231472,InPlay,GroundBall,Out,Out
67.78326,5.263819,InPlay,GroundBall,Single,Single
60.97319,11.921696,InPlay,LineDrive,Single,Single
53.33077,39.30298,InPlay,FlyBall,Out,Out
47.37129,35.674143,InPlay,FlyBall,Out,Out
64.99995,-26.399619,InPlay,GroundBall,Out,Out
57.80933,43.779477,InPlay,FlyBall,Out,Out
52.06012,-71.073683,InPlay,GroundBall,Out,Out
63.14983,59.661103,InPlay,Popup,Out,Out
70.05248,30.193373,InPlay,FlyBall,Out,Out
58.54661,25.005187,InPlay,FlyBall,Out,Out
30.24359,-51.622994,InPlay,GroundBall,Out,Out
53.58229,17.000505,InPlay,LineDrive,Single,Single
55.40276,-45.509566,InPlay,GroundBall,Single,Single
70.74569,1.198992,InPlay,GroundBall,Fielderschoice,Out
53.03023,49.091242,InPlay,FlyBall,Out,Out
64.99611,32.078068,InPlay,FlyBall,Out,Out
40.886,32.177082,InPlay,Popup,Single,Single
67.58081,33.074313,InPlay,FlyBall,Out,Out
60.64294,8.560807,InPlay,GroundBall,Single,Single
69.3571,29.489707,InPlay,FlyBall,Out,Out
72.84652,18.202878,InPlay,FlyBall,Double,XBH
63.70997,17.68267,InPlay,LineDrive,Out,Out
59.47949,40.894166,InPlay,FlyBall,Out,Out
64.10688,12.484217,InPlay,LineDrive,Single,Single
44.0481,54.534792,InPlay,Popup,Out,Out
70.34665,9.602514,InPlay,LineDrive,Single,Single
66.24573,26.362259,InPlay,FlyBall,Double,XBH
70.63609,4.999881,InPlay,GroundBall,Double,XBH
70.43552,29.477209,InPlay,LineDrive,Homerun,Homerun
51.32848,44.443386,InPlay,Popup,Out,Out
62.85433,29.929028,InPlay,FlyBall,Out,Out
65.30743,-2.101654,InPlay,GroundBall,Error,Out
66.5719,30.341239,InPlay,FlyBall,Out,Out
47.22793,28.950345,InPlay,FlyBall,Single,Single
50.1183,43.008108,InPlay,FlyBall,Out,Out
64.39213,8.282261,InPlay,LineDrive,Single,Single
54.61939,36.60167,InPlay,FlyBall,Out,Out
55.31558,22.754134,InPlay,FlyBall,Single,Single
46.76799,15.599724,InPlay,LineDrive,Single,Single
60.20434,29.42134,InPlay,FlyBall,Out,Out
51.39903,30.29116,InPlay,LineDrive,Single,Single
40.07046,29.423619,InPlay,FlyBall,Out,Out
63.50241,27.752117,InPlay,LineDrive,Out,Out
31.45105,24.821174,InPlay,GroundBall,Out,Out
47.35581,12.66935,InPlay,GroundBall,Out,Out
71.09718,6.143678,InPlay,GroundBall,Single,Single
69.39387,30.707505,InPlay,FlyBall,Homerun,Homerun
66.10311,12.220469,InPlay,LineDrive,Single,Single
41.72928,-30.917394,InPlay,GroundBall,Single,Single
63.72284,3.269445,InPlay,GroundBall,Out,Out
71.27908,8.896124,InPlay,LineDrive,Double,XBH
45.77661,-34.146747,InPlay,GroundBall,Error,Out
63.93184,-13.811472,InPlay,GroundBall,Fielderschoice,Out
68.67772,-2.287613,InPlay,GroundBall,Single,Single
58.74718,31.885418,InPlay,FlyBall,Out,Out
58.26639,-17.74757,InPlay,GroundBall,Out,Out
63.02166,53.415161,InPlay,Popup,Out,Out
74.26239,-5.794767,InPlay,GroundBall,Single,Single
69.39093,9.102984,InPlay,LineDrive,Out,Out
53.78604,-25.344185,InPlay,GroundBall,Out,Out
60.75231,3.484967,InPlay,LineDrive,Single,Single
68.0072,15.687105,InPlay,LineDrive,Out,Out
54.78686,-40.049566,InPlay,GroundBall,Single,Single
59.05126,2.353318,InPlay,GroundBall,Fielderschoice,Out
42.95393,-14.944042,InPlay,GroundBall,Single,Single
63.99427,43.480127,InPlay,FlyBall,Out,Out
65.96958,24.400748,InPlay,LineDrive,Triple,XBH
56.07639,54.203955,InPlay,FlyBall,Out,Out
64.48207,-2.95593,InPlay,GroundBall,Out,Out
59.17749,-6.039117,InPlay,GroundBall,Out,Out
41.77155,29.713705,InPlay,FlyBall,Single,Single
61.61258,60.74505,InPlay,FlyBall,Out,Out
71.72771,-15.04448,InPlay,GroundBall,Out,Out
55.40896,1.907274,InPlay,GroundBall,Out,Out
63.36588,16.565946,InPlay,LineDrive,Single,Single
71.70169,-0.204608,InPlay,GroundBall,Single,Single
64.05607,10.904446,InPlay,LineDrive,Single,Single
57.0997,-17.021218,InPlay,GroundBall,Out,Out
22.97368,16.287199,InPlay,GroundBall,Single,Single
70.8724,21.679167,InPlay,LineDrive,Double,XBH
68.74959,-3.144202,InPlay,GroundBall,Out,Out
28.06227,-9.51428,InPlay,GroundBall,Single,Single
58.63977,37.465908,InPlay,FlyBall,Out,Out
72.15088,10.761805,InPlay,LineDrive,Out,Out
66.06514,-13.594575,InPlay,GroundBall,Out,Out
70.07112,4.532913,InPlay,LineDrive,Out,Out
81.92586,22.177021,InPlay,LineDrive,Homerun,Homerun
64.34279,-6.238097,InPlay,GroundBall,Single,Single
34.39244,24.078716,InPlay,Popup,Out,Out
59.22241,-21.419535,InPlay,GroundBall,Single,Single
56.59419,5.594536,InPlay,GroundBall,Fielderschoice,Out
73.37174,26.272997,InPlay,FlyBall,Double,XBH
70.89201,-4.967629,InPlay,GroundBall,Double,XBH
65.45469,18.579715,InPlay,LineDrive,Out,Out
49.36113,-18.418249,InPlay,GroundBall,Single,Single
65.82306,33.154647,InPlay,FlyBall,Single,Single
42.83859,-31.559934,InPlay,GroundBall,Out,Out
62.28041,-1.921786,InPlay,GroundBall,Single,Single
57.98301,3.14632,InPlay,GroundBall,Single,Single
35.59239,8.469753,InPlay,GroundBall,Out,Out
63.13202,1.809964,InPlay,GroundBall,Single,Single
48.76027,24.937627,InPlay,LineDrive,Single,Single
65.55862,19.295179,InPlay,LineDrive,Triple,XBH
62.44886,33.464216,InPlay,LineDrive,Single,Single
68.12071,-8.040123,InPlay,GroundBall,Error,Out
41.08494,-8.151506,InPlay,GroundBall,Out,Out
75.50364,17.244008,InPlay,LineDrive,Out,Out
64.61571,13.640538,InPlay,LineDrive,Double,XBH
54.04261,-0.605304,InPlay,GroundBall,Single,Single
71.81308,13.958949,InPlay,LineDrive,Double,XBH
65.50199,16.076902,InPlay,LineDrive,Out,Out
32.70676,-15.72722,InPlay,GroundBall,Error,Out
67.80924,28.530273,InPlay,LineDrive,Double,XBH
54.10096,58.163527,InPlay,Popup,Out,Out
36.23753,38.119065,InPlay,Popup,Out,Out
56.54273,53.47812,InPlay,Popup,Out,Out
39.40366,-25.452224,InPlay,GroundBall,Out,Out
46.12411,18.280197,InPlay,LineDrive,Single,Single
51.23057,45.492426,InPlay,FlyBall,Double,XBH
49.59189,23.324391,InPlay,FlyBall,Single,Single
48.48887,56.423711,InPlay,Popup,Out,Out
46.85122,-28.766314,InPlay,GroundBall,Fielderschoice,Out
47.78682,63.885629,InPlay,Popup,Out,Out
61.53942,37.651989,InPlay,FlyBall,Out,Out
45.44287,11.504172,InPlay,LineDrive,Out,Out
54.0275,-24.413175,InPlay,GroundBall,Single,Single
75.67783,20.278133,InPlay,LineDrive,Homerun,Homerun
63.4904,19.342656,InPlay,FlyBall,Single,Single
70.11154,-19.101034,InPlay,GroundBall,Fielderschoice,Out
63.31772,28.230328,InPlay,FlyBall,Out,Out
46.38653,17.963374,InPlay,LineDrive,Out,Out
66.62959,-4.470659,InPlay,GroundBall,Single,Single
50.33044,44.408284,InPlay,Popup,Single,Single
22.09701,-11.181861,InPlay,Bunt,Out,Out
67.18055,16.66979,InPlay,LineDrive,Out,Out
73.21094,-14.837333,InPlay,GroundBall,Fielderschoice,Out
43.39543,23.57437,InPlay,Popup,Single,Single
68.02436,20.22467,InPlay,LineDrive,Triple,XBH
61.14335,31.892715,InPlay,FlyBall,Out,Out
78.09651,-0.445817,InPlay,GroundBall,Out,Out
42.84678,42.30934,InPlay,FlyBall,Out,Out
44.64562,-7.910707,InPlay,GroundBall,Single,Single
67.58422,1.783892,InPlay,GroundBall,Single,Single
44.79079,41.606446,InPlay,Popup,Out,Out
72.45236,6.995359,InPlay,LineDrive,Single,Single
47.02153,21.141195,InPlay,FlyBall,Single,Single
59.84642,25.287937,InPlay,FlyBall,Out,Out
56.00256,-13.012299,InPlay,GroundBall,Out,Out
54.16454,-29.252077,InPlay,GroundBall,Out,Out
58.63944,23.061659,InPlay,FlyBall,Out,Out
54.31499,-83.098298,InPlay,GroundBall,Out,Out
50.11105,46.399006,InPlay,FlyBall,Out,Out
65.11034,24.599884,InPlay,FlyBall,Out,Out
30.09858,-36.500152,InPlay,GroundBall,Out,Out
56.58178,-3.34181,InPlay,GroundBall,Out,Out
70.40588,2.584851,InPlay,GroundBall,Out,Out
61.96947,-10.663253,InPlay,GroundBall,Out,Out
71.15217,0.764538,InPlay,GroundBall,Single,Single
71.81043,-14.121848,InPlay,GroundBall,Single,Single
73.95975,18.589221,InPlay,FlyBall,Out,Out
73.05125,-8.827437,InPlay,GroundBall,Out,Out
70.64636,6.070044,InPlay,GroundBall,Single,Single
40.83325,15.118759,InPlay,LineDrive,Out,Out
45.37405,36.082037,InPlay,FlyBall,Out,Out
57.9925,30.210744,InPlay,LineDrive,Out,Out
63.14968,15.830241,InPlay,LineDrive,Single,Single
61.49514,33.746874,InPlay,FlyBall,Out,Out
56.29719,27.61611,InPlay,FlyBall,Out,Out
35.68064,-36.422261,InPlay,GroundBall,Out,Out
64.96385,5.138506,InPlay,GroundBall,Single,Single
66.30874,24.227043,InPlay,LineDrive,Out,Out
71.82822,38.981667,InPlay,FlyBall,Out,Out
77.67787,21.632735,InPlay,LineDrive,Homerun,Homerun
15.45386,14.209335,InPlay,Bunt,Out,Out
61.46505,7.64781,InPlay,GroundBall,Single,Single
62.97408,34.056436,InPlay,FlyBall,Out,Out
49.49311,43.195753,InPlay,FlyBall,Single,Single
70.82903,31.155149,InPlay,FlyBall,Homerun,Homerun
63.19065,59.161012,InPlay,FlyBall,Out,Out
71.99678,-19.501503,InPlay,GroundBall,Single,Single
43.60557,42.65151,InPlay,FlyBall,Out,Out
16.57284,-14.957285,InPlay,Bunt,Error,Out
64.48688,2.752013,InPlay,GroundBall,Out,Out
56.72107,-41.159174,InPlay,GroundBall,Out,Out
50.61557,-12.852172,InPlay,GroundBall,Out,Out
58.3235,41.587398,InPlay,FlyBall,Out,Out
55.72207,87.689266,InPlay,Popup,Out,Out
74.0477,21.82008,InPlay,LineDrive,Homerun,Homerun
52.11244,44.256501,InPlay,FlyBall,Out,Out
69.18364,63.657436,InPlay,Popup,Out,Out
67.37928,-11.615041,InPlay,GroundBall,Single,Single
67.00224,-7.766471,InPlay,GroundBall,Single,Single
60.35484,-8.237091,InPlay,GroundBall,Out,Out
54.26267,31.879479,InPlay,FlyBall,Out,Out
56.34954,30.295418,InPlay,FlyBall,Out,Out
58.55907,12.797927,InPlay,LineDrive,Single,Single
42.67268,-8.569102,InPlay,GroundBall,Error,Out
64.67576,13.475095,InPlay,LineDrive,Double,XBH
69.98578,-69.257679,InPlay,GroundBall,Out,Out
50.85839,57.459465,InPlay,Popup,Out,Out
76.49322,17.168454,InPlay,LineDrive,Double,XBH
60.93847,51.220902,InPlay,FlyBall,Out,Out
82.21142,18.681299,InPlay,FlyBall,Homerun,Homerun
69.36821,49.219259,InPlay,FlyBall,Out,Out
55.02348,-57.671246,InPlay,GroundBall,Out,Out
32.16115,32.781384,InPlay,GroundBall,Out,Out
66.07356,-10.666444,InPlay,GroundBall,Out,Out
35.47425,33.896062,InPlay,Popup,Out,Out
37.69601,-42.06072,InPlay,GroundBall,Out,Out
46.24187,-49.649503,InPlay,GroundBall,Single,Single
73.52642,-10.495483,InPlay,GroundBall,Out,Out
61.46807,27.420001,InPlay,FlyBall,Out,Out
53.21393,-57.121529,InPlay,GroundBall,Error,Out
81.34197,-3.228487,InPlay,GroundBall,Out,Out
61.02265,28.568428,InPlay,FlyBall,Out,Out
55.9875,-63.076226,InPlay,GroundBall,Single,Single
47.51892,43.590024,InPlay,FlyBall,Out,Out
75.74194,2.952365,InPlay,GroundBall,Single,Single
67.45164,26.222693,InPlay,FlyBall,Double,XBH
61.64056,1.11729,InPlay,GroundBall,Fielderschoice,Out
64.22742,19.980889,InPlay,LineDrive,Double,XBH
55.35435,-53.410952,InPlay,GroundBall,Out,Out
75.79662,29.339397,InPlay,FlyBall,Homerun,Homerun
60.60435,31.236401,InPlay,FlyBall,Out,Out
71.21551,-10.944902,InPlay,GroundBall,Single,Single
61.65843,30.632278,InPlay,FlyBall,Sacrifice,Out
37.00476,-41.230943,InPlay,GroundBall,Out,Out
57.19015,40.781473,InPlay,FlyBall,Out,Out
58.28519,46.579465,InPlay,FlyBall,Out,Out
48.85608,33.660148,InPlay,LineDrive,Single,Single
29.29354,-4.838135,InPlay,GroundBall,Single,Single
51.66495,36.586746,InPlay,FlyBall,Out,Out
68.86945,7.646796,InPlay,GroundBall,Out,Out
59.91079,-13.938061,InPlay,GroundBall,Out,Out
61.2999,9.903932,InPlay,LineDrive,Out,Out
72.48572,14.744222,InPlay,LineDrive,Out,Out
53.07212,-31.442019,InPlay,GroundBall,Out,Out
62.65426,39.906472,InPlay,FlyBall,Out,Out
45.75029,-63.869094,InPlay,GroundBall,Single,Single
56.30179,-20.794991,InPlay,GroundBall,Out,Out
43.78908,-31.511232,InPlay,GroundBall,Out,Out
53.57636,68.193479,InPlay,Popup,Out,Out
68.37096,-16.145845,InPlay,GroundBall,Single,Single
58.89269,-16.034594,InPlay,GroundBall,Fielderschoice,Out
70.74133,38.601252,InPlay,FlyBall,Homerun,Homerun
76.90403,20.641132,InPlay,LineDrive,Homerun,Homerun
67.36139,26.218827,InPlay,FlyBall,Out,Out
59.38004,3.760135,InPlay,GroundBall,Single,Single
63.90192,20.108268,InPlay,FlyBall,Double,XBH
29.51363,16.891391,InPlay,LineDrive,Out,Out
56.4617,-24.726088,InPlay,GroundBall,Out,Out
53.20612,9.233393,InPlay,LineDrive,Single,Single
75.91235,21.086794,InPlay,LineDrive,Homerun,Homerun
69.01672,11.969477,InPlay,LineDrive,Triple,XBH
47.81174,-4.658355,InPlay,GroundBall,Out,Out
46.27625,14.562058,InPlay,LineDrive,Out,Out
57.91277,10.194217,InPlay,LineDrive,Single,Single
71.99479,15.556609,InPlay,LineDrive,Out,Out
65.72724,18.159904,InPlay,LineDrive,Out,Out
57.05678,2.596038,InPlay,LineDrive,Single,Single
73.18699,37.897624,InPlay,FlyBall,Homerun,Homerun
70.74434,3.536856,InPlay,GroundBall,Out,Out
42.97793,-24.645965,InPlay,GroundBall,Out,Out
48.98788,42.45738,InPlay,FlyBall,Out,Out
64.21996,-5.715547,InPlay,GroundBall,Single,Single
65.13545,-10.37205,InPlay,GroundBall,Out,Out
63.89375,-32.169333,InPlay,GroundBall,Single,Single
57.13956,17.400482,InPlay,LineDrive,Single,Single
46.48426,-17.146864,InPlay,GroundBall,Fielderschoice,Out
62.0,-39.822293,InPlay,GroundBall,Single,Single
68.43468,10.929212,InPlay,LineDrive,Single,Single
61.13223,-46.100723,InPlay,GroundBall,Out,Out
74.08118,29.823801,InPlay,FlyBall,Out,Out
60.67371,-25.131825,InPlay,GroundBall,Out,Out
65.38786,10.610144,InPlay,LineDrive,Single,Single
61.23703,29.477215,InPlay,FlyBall,Out,Out
72.6791,3.369404,InPlay,LineDrive,Single,Single
71.42465,0.893089,InPlay,GroundBall,Single,Single
66.92667,-11.841442,InPlay,GroundBall,Error,Out
33.49541,-25.110516,InPlay,GroundBall,Error,Out
58.68127,68.155402,InPlay,Popup,Out,Out
29.6243,-39.884913,InPlay,GroundBall,Fielderschoice,Out
54.94404,-8.384495,InPlay,GroundBall,Out,Out
61.68106,-5.527126,InPlay,GroundBall,Out,Out
52.51392,2.213,InPlay,GroundBall,Out,Out
77.67726,-39.53755,InPlay,GroundBall,Out,Out
66.85045,20.938156,InPlay,LineDrive,Out,Out
49.43605,-8.4963,InPlay,GroundBall,Fielderschoice,Out
58.22958,-4.712766,InPlay,GroundBall,Single,Single
62.80438,3.811988,InPlay,GroundBall,Single,Single
70.52178,10.400049,InPlay,LineDrive,Out,Out
61.57491,23.764365,InPlay,LineDrive,Single,Single
41.19395,-31.227389,InPlay,GroundBall,Error,Out
33.30153,-15.913498,InPlay,GroundBall,Out,Out
55.85778,39.981123,InPlay,FlyBall,Out,Out
61.30149,35.063095,InPlay,FlyBall,Out,Out
66.36506,52.99822,InPlay,FlyBall,Out,Out
69.33549,30.238747,InPlay,FlyBall,Homerun,Homerun
63.87794,33.276024,InPlay,FlyBall,Out,Out
56.60259,50.563113,InPlay,FlyBall,Out,Out
59.37716,11.785533,InPlay,LineDrive,Out,Out
69.44907,14.129435,InPlay,LineDrive,Single,Single
53.82534,64.16297,InPlay,Popup,Out,Out
43.31278,55.652389,InPlay,Popup,Out,Out
52.5307,31.536941,InPlay,LineDrive,Out,Out
60.24085,17.480408,InPlay,LineDrive,Double,XBH
50.5769,-20.398715,InPlay,GroundBall,Out,Out
32.59555,29.105248,InPlay,GroundBall,Out,Out
52.16556,17.434548,InPlay,LineDrive,Single,Single
62.31053,21.915285,InPlay,LineDrive,Sacrifice,Out
41.67476,50.703099,InPlay,Popup,Out,Out
49.67188,28.423931,InPlay,FlyBall,Single,Single
84.41489,4.690297,InPlay,GroundBall,Double,XBH
66.53738,42.943977,InPlay,FlyBall,Out,Out
53.74419,44.582837,InPlay,FlyBall,Out,Out
31.32204,-36.514365,InPlay,GroundBall,Out,Out
53.31403,-6.701212,InPlay,GroundBall,Out,Out
67.5377,0.496495,InPlay,LineDrive,Single,Single
58.40854,36.488562,InPlay,FlyBall,Out,Out
63.47199,13.259368,InPlay,LineDrive,Single,Single
60.05051,22.661047,InPlay,LineDrive,Single,Single
62.33978,55.223873,InPlay,FlyBall,Out,Out
58.73749,-11.43565,InPlay,GroundBall,Out,Out
46.68343,22.550861,InPlay,Popup,Out,Out
53.19718,18.169274,InPlay,LineDrive,Single,Single
68.69241,5.787979,InPlay,LineDrive,Out,Out
48.97427,-84.714692,InPlay,GroundBall,Out,Out
58.80311,30.845451,InPlay,FlyBall,Out,Out
49.94322,73.060348,InPlay,Popup,Out,Out
64.974,19.2484,InPlay,LineDrive,Double,XBH
61.91343,-4.194686,InPlay,GroundBall,Single,Single
59.14836,38.146479,InPlay,FlyBall,Out,Out
61.57591,31.174789,InPlay,FlyBall,Out,Out
72.67031,28.744367,InPlay,FlyBall,Homerun,Homerun
60.6682,38.610119,InPlay,FlyBall,Out,Out
67.12097,5.647056,InPlay,LineDrive,Single,Single
49.43754,17.296881,InPlay,LineDrive,Out,Out
64.95321,49.511083,InPlay,FlyBall,Out,Out
66.09562,-7.447171,InPlay,GroundBall,Out,Out
58.45764,21.763078,InPlay,FlyBall,Out,Out
68.07847,7.675112,InPlay,LineDrive,Single,Single
66.4935,7.680252,InPlay,LineDrive,Single,Single
65.56428,14.001437,InPlay,LineDrive,Single,Single
68.80501,-10.093529,InPlay,GroundBall,Single,Single
66.86128,7.358376,InPlay,LineDrive,Single,Single
59.70577,-13.285366,InPlay,GroundBall,Out,Out
64.74925,11.885541,InPlay,LineDrive,Single,Single
67.94701,-11.267249,InPlay,GroundBall,Out,Out
62.76821,0.565328,InPlay,GroundBall,Out,Out
71.2143,30.162573,InPlay,FlyBall,Out,Out
59.81247,24.243902,InPlay,FlyBall,Single,Single
64.49665,22.201937,InPlay,FlyBall,Out,Out
69.01861,-13.143217,InPlay,GroundBall,Single,Single
61.55616,13.90361,InPlay,LineDrive,Single,Single
50.851,5.603109,InPlay,GroundBall,Double,XBH
56.01038,1.85293,InPlay,GroundBall,Out,Out
68.69258,22.00896,InPlay,LineDrive,Out,Out
72.39526,25.45829,InPlay,LineDrive,Out,Out
64.82117,12.961623,InPlay,LineDrive,Single,Single
70.32041,28.359506,InPlay,LineDrive,Homerun,Homerun
52.5139,45.600472,InPlay,Popup,Out,Out
61.61949,-6.779675,InPlay,GroundBall,Single,Single
63.79988,32.990679,InPlay,FlyBall,Out,Out
61.718,-16.745508,InPlay,GroundBall,Fielderschoice,Out
76.1491,-34.067503,InPlay,GroundBall,Single,Single
43.66089,4.776793,InPlay,GroundBall,Out,Out
56.98258,41.571158,InPlay,Popup,Out,Out
58.2808,-58.411777,InPlay,GroundBall,Out,Out
52.84774,-22.01789,InPlay,GroundBall,Out,Out
59.17346,-7.348585,InPlay,GroundBall,Out,Out
54.31421,17.075669,InPlay,FlyBall,Single,Single
67.44285,-8.926861,InPlay,GroundBall,Single,Single
58.78977,42.964791,InPlay,FlyBall,Out,Out
73.18036,31.394917,InPlay,FlyBall,Out,Out
79.31233,7.461783,InPlay,LineDrive,Single,Single
41.24157,-58.690938,InPlay,GroundBall,Out,Out
38.64165,-14.885768,InPlay,GroundBall,Out,Out
52.20719,11.790221,InPlay,LineDrive,Out,Out
77.98454,6.857915,InPlay,LineDrive,Single,Single
57.38001,37.256277,InPlay,FlyBall,Out,Out
73.24415,12.290323,InPlay,LineDrive,Double,XBH
51.29006,27.243668,InPlay,FlyBall,Single,Single
40.13066,-63.978663,InPlay,GroundBall,Out,Out
55.02694,-4.81382,InPlay,GroundBall,Single,Single
61.49023,44.849412,InPlay,FlyBall,Out,Out
67.55274,3.739754,InPlay,LineDrive,Out,Out
59.81935,11.35129,InPlay,LineDrive,Out,Out
61.13705,38.887778,InPlay,FlyBall,Out,Out
69.10966,7.808595,InPlay,GroundBall,Out,Out
59.86485,19.26057,InPlay,LineDrive,Single,Single
59.32777,-17.233099,InPlay,GroundBall,Out,Out
63.89587,17.668089,InPlay,LineDrive,Single,Single
53.56682,37.28956,InPlay,FlyBall,Out,Out
53.49668,-13.007526,InPlay,GroundBall,Error,Out
43.57772,-28.132425,InPlay,GroundBall,Out,Out
60.17726,57.475754,InPlay,FlyBall,Out,Out
65.76878,-17.510656,InPlay,GroundBall,Out,Out
60.49715,-19.988927,InPlay,GroundBall,Error,Out
66.83387,34.448488,InPlay,FlyBall,Out,Out
57.36236,44.557853,InPlay,FlyBall,Out,Out
69.69919,26.957883,InPlay,LineDrive,Double,XBH
70.96214,-37.730705,InPlay,GroundBall,Out,Out
48.57671,-4.287845,InPlay,GroundBall,Out,Out
50.15692,-22.635924,InPlay,GroundBall,Out,Out
65.59674,-5.409573,InPlay,GroundBall,Single,Single
64.17232,3.113665,InPlay,GroundBall,Single,Single
58.76989,-57.703063,InPlay,GroundBall,Out,Out
31.56159,-16.35391,InPlay,GroundBall,Out,Out
61.63876,2.190804,InPlay,GroundBall,Out,Out
53.91632,71.88067,InPlay,Popup,Out,Out
70.3522,1.638764,InPlay,GroundBall,Single,Single
42.66824,44.009707,InPlay,Popup,Out,Out
67.96245,37.531145,InPlay,FlyBall,Out,Out
63.18918,33.535099,InPlay,FlyBall,Out,Out
55.5974,7.87784,InPlay,GroundBall,Error,Out
67.34298,11.416894,InPlay,LineDrive,Single,Single
64.99513,35.78379,InPlay,FlyBall,Double,XBH
44.99716,-7.298741,InPlay,GroundBall,Error,Out
55.58705,11.748666,InPlay,GroundBall,Single,Single
58.22145,30.861883,InPlay,FlyBall,Out,Out
70.50194,10.671032,InPlay,LineDrive,Out,Out
46.79727,36.770104,InPlay,FlyBall,Single,Single
70.66204,17.781035,InPlay,LineDrive,Out,Out
34.6853,54.931965,InPlay,Popup,Out,Out
66.07282,13.754578,InPlay,LineDrive,Single,Single
64.00209,2.669593,InPlay,GroundBall,Single,Single
68.01811,17.31389,InPlay,LineDrive,Out,Out
66.18318,0.623998,InPlay,GroundBall,Single,Single
68.45544,32.992686,InPlay,FlyBall,Out,Out
70.40912,51.914565,InPlay,FlyBall,Out,Out
15.50859,14.672495,InPlay,GroundBall,Out,Out
57.88924,-3.148373,InPlay,GroundBall,Single,Single
64.01434,-25.373673,InPlay,GroundBall,Single,Single
53.29544,16.661373,InPlay,LineDrive,Out,Out
55.18064,-11.122447,InPlay,GroundBall,Out,Out
47.73914,19.271392,InPlay,LineDrive,Single,Single
65.89835,-13.822706,InPlay,GroundBall,Single,Single
69.10304,40.140921,InPlay,FlyBall,Homerun,Homerun
59.50984,68.691433,InPlay,Popup,Out,Out
51.18308,-17.735587,InPlay,GroundBall,Out,Out
68.86817,17.887767,InPlay,LineDrive,Double,XBH
84.35252,29.292839,InPlay,FlyBall,Homerun,Homerun
67.58179,44.915997,InPlay,FlyBall,Out,Out
49.75133,23.42267,InPlay,LineDrive,Single,Single
65.15158,1.835809,InPlay,GroundBall,Fielderschoice,Out
53.09632,63.823652,InPlay,Popup,Out,Out
61.88255,25.912302,InPlay,FlyBall,Out,Out
48.21464,-50.657599,InPlay,GroundBall,Single,Single
73.95782,29.203786,InPlay,FlyBall,Homerun,Homerun
66.62403,41.334364,InPlay,FlyBall,Out,Out
67.28725,17.339658,InPlay,LineDrive,Double,XBH
71.53551,-16.131598,InPlay,GroundBall,Out,Out
60.90479,34.976108,InPlay,FlyBall,Out,Out
57.47813,-26.384431,InPlay,GroundBall,Out,Out
50.48261,-6.98288,InPlay,GroundBall,Out,Out
53.53341,15.539805,InPlay,LineDrive,Single,Single
80.86018,6.007374,InPlay,LineDrive,Out,Out
73.85487,6.805148,InPlay,LineDrive,Single,Single
70.52485,38.06179,InPlay,FlyBall,Out,Out
50.21211,19.294336,InPlay,LineDrive,Out,Out
63.68392,0.705276,InPlay,GroundBall,Single,Single
53.73236,-20.275896,InPlay,GroundBall,Fielderschoice,Out
34.54703,12.100166,InPlay,GroundBall,Out,Out
69.30609,18.030775,InPlay,LineDrive,Out,Out
53.73371,37.601413,InPlay,FlyBall,Out,Out
53.56962,29.982185,InPlay,LineDrive,Out,Out
35.08617,-48.614179,InPlay,GroundBall,Error,Out
46.37767,68.586168,InPlay,Popup,Out,Out
55.64439,51.469199,InPlay,FlyBall,Out,Out
63.98945,1.504855,InPlay,GroundBall,Single,Single
69.94746,-13.518962,InPlay,GroundBall,Fielderschoice,Out
71.16226,7.009827,InPlay,GroundBall,Single,Single
65.59113,29.191754,InPlay,FlyBall,Out,Out
80.17093,-38.75629,InPlay,GroundBall,Out,Out
17.53521,1.96639,InPlay,Bunt,Single,Single
66.22381,40.422273,InPlay,FlyBall,Out,Out
59.88087,6.727925,InPlay,LineDrive,Single,Single
49.1302,24.805757,InPlay,FlyBall,Single,Single
74.26227,9.929318,InPlay,LineDrive,Double,XBH
59.56296,47.221892,InPlay,FlyBall,Out,Out
46.85572,-27.809316,InPlay,GroundBall,Out,Out
56.45899,51.740556,InPlay,FlyBall,Out,Out
77.71078,16.913457,InPlay,LineDrive,Single,Single
80.06444,22.738649,InPlay,FlyBall,Homerun,Homerun
32.84265,42.393178,InPlay,Popup,Single,Single
49.69853,-7.487374,InPlay,GroundBall,Out,Out
77.20647,21.911019,InPlay,FlyBall,Double,XBH
68.77035,4.165351,InPlay,GroundBall,Single,Single
71.21037,0.167485,InPlay,GroundBall,Double,XBH
51.95548,25.523129,InPlay,LineDrive,Single,Single
63.40337,31.132332,InPlay,FlyBall,Sacrifice,Out
53.99562,58.527049,InPlay,Popup,Out,Out
51.22793,-2.426524,InPlay,GroundBall,Single,Single
69.00468,34.987959,InPlay,FlyBall,Sacrifice,Out
68.01057,33.821817,InPlay,FlyBall,Double,XBH
60.15053,-30.828964,InPlay,GroundBall,Out,Out
68.3742,-8.158891,InPlay,GroundBall,Out,Out
69.32015,-12.128555,InPlay,GroundBall,Single,Single
37.74541,8.290884,InPlay,GroundBall,Out,Out
72.84018,8.446472,InPlay,GroundBall,Single,Single
62.14065,12.010615,InPlay,LineDrive,Single,Single
58.48412,52.442465,InPlay,FlyBall,Out,Out
58.97554,5.821026,InPlay,GroundBall,Out,Out
59.83871,40.050722,InPlay,FlyBall,Out,Out
72.42008,12.414284,InPlay,LineDrive,Single,Single
49.60229,62.343957,InPlay,Popup,Out,Out
66.88178,-15.074679,InPlay,GroundBall,Out,Out
77.40215,10.390625,InPlay,LineDrive,Double,XBH
66.70223,12.475405,InPlay,LineDrive,Single,Single
45.38833,-20.666858,InPlay,GroundBall,Error,Out
56.41076,9.666513,InPlay,LineDrive,Out,Out
68.48865,-1.431326,InPlay,GroundBall,Single,Single
65.48945,19.386151,InPlay,LineDrive,Out,Out
76.20083,23.609119,InPlay,LineDrive,Double,XBH
56.95813,12.837953,InPlay,LineDrive,Single,Single
33.90076,41.174637,InPlay,Popup,Out,Out
44.77368,-19.02225,InPlay,GroundBall,Out,Out
45.96383,29.244294,InPlay,Popup,Out,Out
75.24023,20.018105,InPlay,FlyBall,Double,XBH
60.17242,37.41124,InPlay,FlyBall,Out,Out
47.7324,40.79663,InPlay,Popup,Double,XBH
69.03208,8.660961,InPlay,LineDrive,Single,Single
69.06673,53.967126,InPlay,FlyBall,Out,Out
66.1541,5.296939,InPlay,GroundBall,Error,Out
82.09819,13.353501,InPlay,LineDrive,Double,XBH
56.74749,24.256755,InPlay,FlyBall,Out,Out
51.40479,-2.905332,InPlay,GroundBall,Error,Out
59.01176,18.293071,InPlay,LineDrive,Out,Out
47.45614,-49.367658,InPlay,GroundBall,Single,Single
65.0752,24.441038,InPlay,FlyBall,Out,Out
61.36158,73.083975,InPlay,Popup,Out,Out
47.19654,41.103882,InPlay,Popup,Out,Out
65.71504,29.820206,InPlay,FlyBall,Double,XBH
47.42129,30.47538,InPlay,LineDrive,Single,Single
60.96529,-14.278267,InPlay,GroundBall,Out,Out
54.87357,-38.821813,InPlay,GroundBall,Out,Out
66.55742,7.810195,InPlay,GroundBall,Fielderschoice,Out
65.12826,37.388079,InPlay,FlyBall,Out,Out
14.71533,-0.213331,InPlay,Bunt,Error,Out
53.94496,27.08522,InPlay,LineDrive,Single,Single
81.00882,25.739983,InPlay,FlyBall,Homerun,Homerun
61.02865,41.232549,InPlay,FlyBall,Out,Out
53.39569,4.915641,InPlay,GroundBall,Out,Out
30.68403,-20.573956,InPlay,GroundBall,Out,Out
46.25298,23.79472,InPlay,LineDrive,Out,Out
62.91557,34.240963,InPlay,FlyBall,Out,Out
17.86667,-47.427913,InPlay,GroundBall,Out,Out
47.52465,24.433355,InPlay,LineDrive,Single,Single
70.55704,6.89092,InPlay,LineDrive,Single,Single
57.87368,24.521219,InPlay,LineDrive,Single,Single
72.62027,48.608198,InPlay,FlyBall,Out,Out
51.39822,11.945512,InPlay,LineDrive,Out,Out
64.37916,-5.024747,InPlay,GroundBall,Single,Single
62.83358,42.967886,InPlay,FlyBall,Sacrifice,Out
45.97751,-14.070446,InPlay,GroundBall,Out,Out
63.29821,69.659626,InPlay,Popup,Out,Out
52.46686,15.31635,InPlay,LineDrive,Out,Out
71.36061,16.157838,InPlay,LineDrive,Out,Out
64.54919,-18.641298,InPlay,GroundBall,Fielderschoice,Out
50.42313,67.941396,InPlay,Popup,Out,Out
72.97368,6.071211,InPlay,LineDrive,Out,Out
65.17715,19.620092,InPlay,LineDrive,Out,Out
66.54665,36.51297,InPlay,FlyBall,Out,Out
29.89246,40.539687,InPlay,Popup,Out,Out
62.21839,54.452142,InPlay,FlyBall,Out,Out
58.17134,25.01961,InPlay,LineDrive,Out,Out
62.0399,35.201,InPlay,FlyBall,Out,Out
38.99141,66.958546,InPlay,Popup,Out,Out
47.8325,11.578828,InPlay,GroundBall,Out,Out
69.61206,20.265824,InPlay,FlyBall,Out,Out
64.38728,-5.282781,InPlay,GroundBall,Out,Out
56.76564,59.859817,InPlay,FlyBall,Out,Out
62.67351,11.727075,InPlay,LineDrive,Single,Single
67.9662,23.981138,InPlay,LineDrive,Out,Out
23.37616,47.901851,InPlay,Popup,Out,Out
56.35108,38.459122,InPlay,FlyBall,Out,Out
55.6789,19.88155,InPlay,LineDrive,Single,Single
59.66606,0.087492,InPlay,GroundBall,Out,Out
38.24651,40.540285,InPlay,Popup,Out,Out
47.92638,-3.651297,InPlay,GroundBall,Out,Out
62.59178,10.324547,InPlay,LineDrive,Single,Single
74.02985,46.116301,InPlay,FlyBall,Homerun,Homerun
56.6162,5.145607,InPlay,GroundBall,Single,Single
46.49219,7.086204,InPlay,GroundBall,Fielderschoice,Out
59.44975,22.231337,InPlay,LineDrive,Out,Out
68.44504,51.21624,InPlay,FlyBall,Triple,XBH
67.37821,40.660234,InPlay,FlyBall,Sacrifice,Out
72.08953,14.448736,InPlay,LineDrive,Out,Out
76.81363,14.516761,InPlay,LineDrive,Out,Out
64.80904,-5.255528,InPlay,GroundBall,Error,Out
52.57926,22.378317,InPlay,LineDrive,Single,Single
52.24826,-8.234031,InPlay,GroundBall,Out,Out
46.62922,-24.722771,InPlay,GroundBall,Out,Out
52.18535,-37.428966,InPlay,GroundBall,Out,Out
68.19755,2.824412,InPlay,GroundBall,Out,Out
63.51967,35.535377,InPlay,FlyBall,Double,XBH
54.49328,22.259875,InPlay,LineDrive,Single,Single
53.56466,-2.439752,InPlay,GroundBall,Out,Out
56.97554,16.825513,InPlay,LineDrive,Single,Single
65.35863,-28.822935,InPlay,GroundBall,Out,Out
66.90428,28.119003,InPlay,LineDrive,Out,Out
62.13737,-2.341643,InPlay,GroundBall,Out,Out
62.96991,9.835994,InPlay,LineDrive,Single,Single
51.8959,-26.017527,InPlay,GroundBall,Single,Single
28.92765,16.872031,InPlay,GroundBall,Out,Out
50.75619,42.833539,InPlay,Popup,Out,Out
53.24782,59.156463,InPlay,Popup,Out,Out
62.26001,-20.067458,InPlay,GroundBall,Single,Single
59.3357,-74.317571,InPlay,GroundBall,Out,Out
64.50834,-22.743277,InPlay,GroundBall,Out,Out
69.72693,11.178932,InPlay,LineDrive,Out,Out
54.00245,41.287543,InPlay,FlyBall,Out,Out
67.88247,-18.29948,InPlay,GroundBall,Error,Out
65.37261,11.090142,InPlay,LineDrive,Single,Single
68.2679,7.527965,InPlay,LineDrive,Out,Out
55.98767,15.186212,InPlay,LineDrive,Out,Out
56.45633,0.108847,InPlay,GroundBall,Out,Out
62.02355,25.839317,InPlay,LineDrive,Out,Out
70.7877,13.717339,InPlay,LineDrive,Double,XBH
52.03815,-27.471926,InPlay,GroundBall,Fielderschoice,Out
51.03844,64.173471,InPlay,Popup,Out,Out
61.4924,-16.296094,InPlay,GroundBall,Out,Out
73.67073,7.997013,InPlay,LineDrive,Single,Single
61.96357,3.26679,InPlay,GroundBall,Fielderschoice,Out
56.81388,31.327945,InPlay,FlyBall,Out,Out
53.62155,-1.442015,InPlay,GroundBall,Single,Single
61.69058,2.63245,InPlay,GroundBall,Single,Single
51.76191,41.666926,InPlay,FlyBall,Out,Out
63.1224,47.990333,InPlay,FlyBall,Out,Out
65.33276,59.17706,InPlay,FlyBall,Out,Out
73.84197,27.679842,InPlay,FlyBall,Homerun,Homerun
73.4889,-19.646039,InPlay,GroundBall,Out,Out
76.30602,22.35857,InPlay,LineDrive,Homerun,Homerun
52.85703,43.838946,InPlay,FlyBall,Out,Out
52.35259,8.670475,InPlay,GroundBall,Single,Single
47.00521,-19.215531,InPlay,GroundBall,Fielderschoice,Out
51.05782,-20.48975,InPlay,GroundBall,Out,Out
64.49167,-20.08863,InPlay,GroundBall,Out,Out
62.802,-20.065446,InPlay,GroundBall,Single,Single
60.88936,38.006575,InPlay,FlyBall,Out,Out
73.67171,2.206353,InPlay,GroundBall,Single,Single
81.68243,27.856168,InPlay,LineDrive,Homerun,Homerun
59.27886,29.589712,InPlay,LineDrive,Out,Out
48.80395,31.908405,InPlay,Popup,Single,Single
72.91871,14.62653,InPlay,LineDrive,Double,XBH
45.06113,28.18414,InPlay,LineDrive,Single,Single
68.48753,21.99085,InPlay,LineDrive,Out,Out
71.09354,4.73691,InPlay,LineDrive,Single,Single
69.86677,20.855132,InPlay,LineDrive,Out,Out
68.65418,27.867026,InPlay,FlyBall,Out,Out
50.70931,44.816397,InPlay,Popup,Out,Out
64.78927,31.793383,InPlay,FlyBall,Double,XBH
49.12918,17.846702,InPlay,LineDrive,Out,Out
66.95175,-16.91104,InPlay,GroundBall,Out,Out
70.21463,25.538848,InPlay,FlyBall,Double,XBH
75.37753,20.468394,InPlay,LineDrive,Homerun,Homerun
59.24495,42.924237,InPlay,FlyBall,Out,Out
56.55803,-29.616941,InPlay,GroundBall,Out,Out
67.07395,26.772323,InPlay,LineDrive,Out,Out
49.80339,43.389758,InPlay,Popup,Out,Out
63.05935,24.852173,InPlay,LineDrive,Out,Out
52.33681,42.71743,InPlay,FlyBall,Out,Out
58.816,-10.324345,InPlay,GroundBall,Fielderschoice,Out
52.96835,-12.415107,InPlay,GroundBall,Out,Out
65.81564,31.719332,InPlay,FlyBall,Out,Out
78.56977,-14.392762,InPlay,GroundBall,Out,Out
61.84676,-13.813715,InPlay,GroundBall,Out,Out
49.84409,31.193432,InPlay,Popup,Out,Out
63.71605,-17.211604,InPlay,GroundBall,Out,Out
28.3862,-55.702827,InPlay,GroundBall,Out,Out
73.76145,13.288471,InPlay,LineDrive,Out,Out
46.56492,67.110105,InPlay,Popup,Out,Out
80.87548,6.46134,InPlay,LineDrive,Double,XBH
74.99563,1.442149,InPlay,GroundBall,Out,Out
65.67328,6.627987,InPlay,LineDrive,Single,Single
117.85286,-5.39682,InPlay,GroundBall,Fielderschoice,Out
65.18396,-4.721674,InPlay,GroundBall,Single,Single
30.96655,-30.277004,InPlay,GroundBall,Out,Out
57.02642,-18.538392,InPlay,GroundBall,Out,Out
45.50827,-63.551478,InPlay,GroundBall,Error,Out
56.90936,34.502186,InPlay,FlyBall,Out,Out
62.35575,4.685556,InPlay,LineDrive,Out,Out
55.58535,5.549543,InPlay,GroundBall,Single,Single
54.27787,9.774125,InPlay,LineDrive,Out,Out
48.51317,-9.161054,InPlay,GroundBall,Out,Out
63.7452,36.45047,InPlay,FlyBall,Out,Out
63.21047,28.56112,InPlay,LineDrive,Out,Out
75.16913,30.217614,InPlay,FlyBall,Homerun,Homerun
57.43992,37.199876,InPlay,FlyBall,Out,Out
57.92628,33.958104,InPlay,FlyBall,Out,Out
64.46396,-25.660098,InPlay,GroundBall,Out,Out
71.84505,39.664193,InPlay,FlyBall,Out,Out
55.83079,-11.552833,InPlay,GroundBall,Out,Out
70.98302,44.323444,InPlay,FlyBall,Out,Out
75.66705,0.89249,InPlay,GroundBall,Out,Out
69.46976,-2.779882,InPlay,GroundBall,Out,Out
18.38943,30.436158,InPlay,Bunt,Single,Single
46.04513,63.489953,InPlay,Popup,Out,Out
64.31168,33.850245,InPlay,FlyBall,Out,Out
72.76048,-0.940681,InPlay,GroundBall,Error,Out
31.95395,36.367806,InPlay,Popup,Out,Out
60.1829,-36.325014,InPlay,GroundBall,Fielderschoice,Out
61.99939,20.976464,InPlay,LineDrive,Out,Out
61.39976,68.496483,InPlay,Popup,Out,Out
45.63631,81.089073,InPlay,Popup,Out,Out
66.02506,-25.876391,InPlay,GroundBall,Out,Out
55.28888,-32.893864,InPlay,GroundBall,Single,Single
76.01631,23.669876,InPlay,FlyBall,Homerun,Homerun
66.01248,22.491477,InPlay,LineDrive,Out,Out
62.33921,-0.984375,InPlay,GroundBall,Out,Out
74.02749,44.449078,InPlay,FlyBall,Out,Out
70.60664,-4.800339,InPlay,GroundBall,Single,Single
73.79247,39.319284,InPlay,FlyBall,Homerun,Homerun
55.93293,1.500374,InPlay,GroundBall,Single,Single
69.88579,-7.611823,InPlay,GroundBall,Out,Out
70.09717,-14.036997,InPlay,GroundBall,Single,Single
70.72773,2.981772,InPlay,GroundBall,Out,Out
71.76732,15.362458,InPlay,LineDrive,Out,Out
27.36571,-48.276869,InPlay,GroundBall,Out,Out
65.78298,20.580483,InPlay,LineDrive,Double,XBH
57.14563,24.757856,InPlay,FlyBall,Out,Out
70.86464,-5.871798,InPlay,LineDrive,Single,Single
71.69056,-5.01655,InPlay,GroundBall,Single,Single
28.18268,-54.243938,InPlay,GroundBall,Fielderschoice,Out
55.81768,-16.891581,InPlay,GroundBall,Out,Out
46.10999,45.459571,InPlay,FlyBall,Out,Out
66.09783,49.514398,InPlay,FlyBall,Out,Out
66.59363,33.46628,InPlay,FlyBall,Out,Out
50.07376,41.024108,InPlay,FlyBall,Double,XBH
57.07209,48.321329,InPlay,FlyBall,Out,Out
70.98467,11.925434,InPlay,LineDrive,Single,Single
55.35397,16.817338,InPlay,LineDrive,Single,Single
72.13384,23.281934,InPlay,LineDrive,Double,XBH
74.83583,22.839778,InPlay,LineDrive,Out,Out
74.3614,15.53449,InPlay,LineDrive,Triple,XBH
57.39323,31.383759,InPlay,FlyBall,Out,Out
68.06297,16.447923,InPlay,LineDrive,Triple,XBH
57.68253,-29.498405,InPlay,GroundBall,Out,Out
50.85252,33.06132,InPlay,Popup,Single,Single
60.06271,58.055835,InPlay,Popup,Out,Out
52.41274,73.297992,InPlay,Popup,Out,Out
68.44755,49.724118,InPlay,FlyBall,Out,Out
45.13772,48.018462,InPlay,Popup,Out,Out
59.81196,24.492147,InPlay,LineDrive,Out,Out
71.92594,2.253445,InPlay,GroundBall,Out,Out
55.36697,-8.031477,InPlay,GroundBall,Out,Out
69.27627,42.550272,InPlay,FlyBall,Out,Out
47.69003,41.840795,InPlay,Popup,Out,Out
69.52565,31.371658,InPlay,FlyBall,Out,Out
53.23112,38.587018,InPlay,FlyBall,Single,Single
42.13911,42.896361,InPlay,Popup,Out,Out
61.30112,27.464469,InPlay,FlyBall,Out,Out
63.71072,30.156848,InPlay,LineDrive,Out,Out
38.61653,42.521122,InPlay,Popup,Out,Out
57.56498,-33.093498,InPlay,GroundBall,Out,Out
70.61038,12.336542,InPlay,LineDrive,Double,XBH
69.8226,-2.675789,InPlay,GroundBall,Single,Single
52.33188,28.633546,InPlay,FlyBall,Out,Out
67.77696,3.417685,InPlay,GroundBall,Out,Out
47.5424,-4.895894,InPlay,GroundBall,Out,Out
42.75996,13.485166,InPlay,GroundBall,Out,Out
79.42546,46.026728,InPlay,FlyBall,Homerun,Homerun
68.15846,21.523667,InPlay,FlyBall,Out,Out
80.30143,17.777437,InPlay,LineDrive,Homerun,Homerun
62.57671,-39.959142,InPlay,GroundBall,Out,Out
41.80159,71.381804,InPlay,Popup,Out,Out
52.11007,-29.12875,InPlay,SlapHit,Single,Single
52.76781,7.001506,InPlay,LineDrive,Out,Out
67.43472,11.529202,InPlay,FlyBall,Single,Single
70.50005,34.910239,InPlay,FlyBall,Homerun,Homerun
28.69219,-19.767718,InPlay,GroundBall,Single,Single
69.30173,-11.350589,InPlay,GroundBall,Out,Out
64.37865,21.50591,InPlay,LineDrive,Double,XBH
51.18948,38.662727,InPlay,Popup,Single,Single
76.35937,17.582612,InPlay,LineDrive,Homerun,Homerun
72.06482,5.331488,InPlay,LineDrive,Single,Single
70.41306,26.656823,InPlay,LineDrive,Double,XBH
61.30657,45.210034,InPlay,FlyBall,Sacrifice,Out
50.9508,20.524716,InPlay,LineDrive,Out,Out
64.80889,40.950657,InPlay,FlyBall,Out,Out
66.38126,3.904333,InPlay,GroundBall,Out,Out
44.78285,-31.575321,InPlay,SlapHit,Out,Out
64.44389,2.61434,InPlay,GroundBall,Single,Single
57.44448,26.212066,InPlay,FlyBall,Out,Out
64.59613,33.570741,InPlay,FlyBall,Out,Out
43.20364,-73.595828,InPlay,SlapHit,Single,Single
70.00255,26.125916,InPlay,LineDrive,Double,XBH
68.46074,-9.947538,InPlay,GroundBall,Single,Single
49.0139,-32.035325,InPlay,GroundBall,Error,Out
66.36161,8.824416,InPlay,LineDrive,Single,Single
41.13823,4.658873,InPlay,GroundBall,Out,Out
73.30236,-11.959038,InPlay,GroundBall,Out,Out
67.79783,14.934033,InPlay,LineDrive,Single,Single
54.21411,-20.195756,InPlay,GroundBall,Fielderschoice,Out
52.51285,-27.452696,InPlay,GroundBall,Error,Out
58.88402,47.27154,InPlay,FlyBall,Out,Out
45.74372,88.896266,InPlay,Popup,Out,Out
47.77237,66.750689,InPlay,Popup,Out,Out
69.54563,51.726166,InPlay,FlyBall,Out,Out
47.11046,34.436872,InPlay,Popup,Out,Out
55.51769,60.679996,InPlay,Popup,Out,Out
67.40725,13.188987,InPlay,LineDrive,Single,Single
64.34419,-11.093806,InPlay,GroundBall,Fielderschoice,Out
65.44976,41.957836,InPlay,FlyBall,Out,Out
60.56063,39.07461,InPlay,FlyBall,Out,Out
48.0045,18.168792,InPlay,LineDrive,Out,Out
33.98019,-63.090789,InPlay,GroundBall,Single,Single
57.15735,10.971023,InPlay,LineDrive,Out,Out
64.62254,-4.086528,InPlay,GroundBall,Single,Single
68.39463,-5.901671,InPlay,GroundBall,Out,Out
68.16514,29.231771,InPlay,LineDrive,Homerun,Homerun
66.82936,30.254365,InPlay,FlyBall,Out,Out
71.39068,7.080638,InPlay,LineDrive,Out,Out
36.61559,2.387994,InPlay,GroundBall,Out,Out
27.26933,-4.214894,InPlay,GroundBall,Out,Out
69.07556,27.051703,InPlay,FlyBall,Double,XBH
66.29898,20.517281,InPlay,LineDrive,Out,Out
62.8654,27.22174,InPlay,LineDrive,Out,Out
56.00033,-20.23013,InPlay,GroundBall,Out,Out
67.19611,3.666634,InPlay,GroundBall,Out,Out
46.40003,15.995916,InPlay,LineDrive,Out,Out
76.24216,11.549093,InPlay,LineDrive,Out,Out
63.27779,-13.309255,InPlay,GroundBall,Error,Out
68.05762,50.722845,InPlay,FlyBall,Out,Out
45.61532,63.270809,InPlay,Popup,Out,Out
62.70445,1.606748,InPlay,GroundBall,Out,Out
46.72355,-11.922161,InPlay,GroundBall,Out,Out
49.94689,54.938455,InPlay,Popup,Out,Out
41.7934,-24.060087,InPlay,GroundBall,Out,Out
61.36959,12.608662,InPlay,LineDrive,Single,Single
40.53037,1.056862,InPlay,GroundBall,Out,Out
58.60354,-29.056233,InPlay,GroundBall,Error,Out
57.52241,23.282805,InPlay,LineDrive,Out,Out
50.34581,58.447623,InPlay,Popup,Out,Out
38.06599,66.569037,InPlay,Popup,Single,Single
43.33264,32.660135,InPlay,Popup,Out,Out
69.83287,-12.325149,InPlay,GroundBall,Out,Out
69.90946,4.027076,InPlay,GroundBall,Single,Single
60.41274,40.22038,InPlay,FlyBall,Out,Out
56.14309,-5.536063,InPlay,GroundBall,Single,Single
60.01642,11.150756,InPlay,LineDrive,Single,Single
68.93983,-3.715815,InPlay,GroundBall,Out,Out
78.66261,8.297778,InPlay,LineDrive,Out,Out
58.64543,69.655658,InPlay,Popup,Out,Out
47.57327,-52.311715,InPlay,SlapHit,Single,Single
45.62712,-20.652714,InPlay,GroundBall,Fielderschoice,Out
47.49708,60.831651,InPlay,Popup,Out,Out
71.21232,25.993475,InPlay,LineDrive,Out,Out
52.63153,8.523696,InPlay,GroundBall,Out,Out
67.1896,-16.027952,InPlay,GroundBall,Out,Out
69.32525,2.855008,InPlay,GroundBall,Single,Single
74.4253,17.822896,InPlay,LineDrive,Double,XBH
59.92635,-3.102777,InPlay,GroundBall,Single,Single
62.64499,-12.773417,InPlay,GroundBall,Out,Out
33.52278,35.288989,InPlay,GroundBall,Out,Out
60.0073,22.247273,InPlay,LineDrive,Out,Out
71.99271,35.100295,InPlay,FlyBall,Homerun,Homerun
67.89998,-6.771368,InPlay,GroundBall,Error,Out
45.55169,-24.596123,InPlay,GroundBall,Out,Out
64.24845,-25.929988,InPlay,GroundBall,Out,Out
63.71908,-49.695969,InPlay,SlapHit,Single,Single
71.36079,18.236079,InPlay,LineDrive,Out,Out
79.79213,1.534884,InPlay,GroundBall,Out,Out
65.83926,26.129709,InPlay,LineDrive,Out,Out
72.35473,12.944271,InPlay,LineDrive,Triple,XBH
64.13883,17.759971,InPlay,LineDrive,Single,Single
66.89845,18.703261,InPlay,LineDrive,Sacrifice,Out
64.49755,-0.078943,InPlay,GroundBall,Single,Single
68.75097,29.148896,InPlay,LineDrive,Double,XBH
53.99091,48.038792,InPlay,FlyBall,Out,Out
57.44265,-15.413725,InPlay,GroundBall,Out,Out
70.29998,10.438334,InPlay,LineDrive,Single,Single
35.32079,6.050483,InPlay,GroundBall,Single,Single
48.5517,-20.798731,InPlay,GroundBall,Single,Single
74.37011,-30.582043,InPlay,GroundBall,Out,Out
67.36806,21.60723,InPlay,FlyBall,Out,Out
66.50649,-15.963601,InPlay,GroundBall,Out,Out
41.7126,47.990892,InPlay,Popup,Out,Out
65.41326,28.639919,InPlay,FlyBall,Out,Out
62.15863,16.089532,InPlay,LineDrive,Double,XBH
62.9346,5.112537,InPlay,GroundBall,Out,Out
56.00745,31.9481,InPlay,FlyBall,Out,Out
47.43055,84.320372,InPlay,Popup,Out,Out
67.43101,25.118964,InPlay,FlyBall,Out,Out
50.55453,5.584547,InPlay,GroundBall,Single,Single
61.7586,38.723747,InPlay,FlyBall,Out,Out
63.09247,41.878766,InPlay,FlyBall,Out,Out
70.95547,3.240042,InPlay,GroundBall,Single,Single
56.6307,37.291794,InPlay,FlyBall,Out,Out
48.07085,-14.732888,InPlay,GroundBall,Fielderschoice,Out
67.39263,18.628931,InPlay,LineDrive,Out,Out
59.72583,52.536711,InPlay,Popup,Out,Out
66.69144,51.634749,InPlay,FlyBall,Out,Out
62.96339,24.483969,InPlay,LineDrive,Single,Single
73.31372,0.791215,InPlay,GroundBall,Fielderschoice,Out
62.64207,29.810905,InPlay,FlyBall,Out,Out
61.29891,-27.871025,InPlay,GroundBall,Out,Out
45.29135,23.223004,InPlay,LineDrive,Out,Out
58.54233,60.017506,InPlay,FlyBall,Out,Out
66.90769,33.894067,InPlay,FlyBall,Out,Out
46.14603,-79.891689,InPlay,GroundBall,Out,Out
25.30244,-27.656415,InPlay,GroundBall,Out,Out
55.3717,-0.135381,InPlay,GroundBall,Out,Out
62.88085,45.335388,InPlay,FlyBall,Out,Out
61.07698,-5.725308,InPlay,GroundBall,Out,Out
57.49478,-42.414977,InPlay,GroundBall,Out,Out
67.36703,26.721169,InPlay,FlyBall,Out,Out
49.76006,11.725688,InPlay,GroundBall,Out,Out
58.8183,38.204383,InPlay,FlyBall,Out,Out
54.49434,57.99339,InPlay,FlyBall,Out,Out
51.76653,-63.903608,InPlay,GroundBall,Out,Out
52.10288,-29.888274,InPlay,GroundBall,Out,Out
72.53464,-4.403372,InPlay,GroundBall,Single,Single
59.42907,53.474716,InPlay,FlyBall,Out,Out
53.1182,9.317633,InPlay,LineDrive,Single,Single
59.70179,10.25428,InPlay,GroundBall,Out,Out
58.67369,51.470801,InPlay,FlyBall,Out,Out
69.05871,24.017837,InPlay,LineDrive,Double,XBH
64.44787,43.4156,InPlay,FlyBall,Out,Out
69.13872,36.032373,InPlay,FlyBall,Homerun,Homerun
70.05567,-20.322111,InPlay,GroundBall,Out,Out
63.1161,-22.751474,InPlay,GroundBall,Fielderschoice,Out
67.88028,26.118574,InPlay,FlyBall,Out,Out
52.40425,-49.697983,InPlay,GroundBall,Out,Out
68.60704,-24.687381,InPlay,GroundBall,Out,Out
53.11825,65.321216,InPlay,Popup,Out,Out
71.40427,17.370352,InPlay,FlyBall,Out,Out
61.01414,23.33945,InPlay,FlyBall,Out,Out
65.21009,-11.430056,InPlay,GroundBall,Out,Out
58.31565,-47.994216,InPlay,GroundBall,Out,Out
36.24937,50.984674,InPlay,Popup,Out,Out
51.62045,64.57644,InPlay,Popup,Out,Out
71.01493,37.306005,InPlay,FlyBall,Homerun,Homerun
81.20572,17.150589,InPlay,LineDrive,Double,XBH
56.39165,9.015047,InPlay,GroundBall,Single,Single
79.33325,16.459644,InPlay,LineDrive,Single,Single
66.84659,12.626574,InPlay,LineDrive,Single,Single
43.78998,1.89784,InPlay,GroundBall,Fielderschoice,Out
76.38983,17.723347,InPlay,LineDrive,Single,Single
67.2501,-10.570663,InPlay,GroundBall,Fielderschoice,Out
85.88067,17.038785,InPlay,LineDrive,Homerun,Homerun
74.45411,1.681811,InPlay,GroundBall,Single,Single
75.67145,17.554161,InPlay,LineDrive,Double,XBH
51.5566,-18.531832,InPlay,GroundBall,Out,Out
58.44137,66.535354,InPlay,Popup,Out,Out
77.5626,37.940655,InPlay,FlyBall,Homerun,Homerun
66.7981,1.079455,InPlay,GroundBall,Out,Out
71.15269,7.81737,InPlay,LineDrive,Single,Single
55.29149,15.614704,InPlay,LineDrive,Out,Out
64.54783,-0.931375,InPlay,GroundBall,Single,Single
74.9153,26.654813,InPlay,FlyBall,Homerun,Homerun
57.67238,59.076367,InPlay,Popup,Out,Out
70.07124,15.812069,InPlay,LineDrive,Double,XBH
41.9004,64.180258,InPlay,Popup,Out,Out
61.341,50.817452,InPlay,FlyBall,Out,Out
44.36403,-38.599617,InPlay,GroundBall,Out,Out
73.01989,1.701792,InPlay,GroundBall,Out,Out
34.55545,60.517526,InPlay,Popup,Out,Out
40.67616,0.763041,InPlay,GroundBall,Out,Out
58.40696,35.238941,InPlay,FlyBall,Out,Out
57.92708,17.073929,InPlay,LineDrive,Single,Single
58.26195,22.439032,InPlay,LineDrive,Out,Out
46.88341,-40.958255,InPlay,GroundBall,Out,Out
69.53882,-17.393313,InPlay,GroundBall,Out,Out
56.80485,0.350392,InPlay,GroundBall,Out,Out
48.61902,-73.003617,InPlay,GroundBall,Single,Single
53.38157,56.264102,InPlay,Popup,Out,Out
72.23854,16.389128,InPlay,LineDrive,Out,Out
39.96351,-46.623532,InPlay,GroundBall,Out,Out
63.62794,-12.275813,InPlay,GroundBall,Out,Out
58.44827,18.673273,InPlay,LineDrive,Single,Single
20.89703,-32.544657,InPlay,Bunt,Fielderschoice,Out
52.85411,10.561435,InPlay,LineDrive,Single,Single
29.4758,-51.194076,InPlay,GroundBall,Fielderschoice,Out
68.49439,23.542826,InPlay,LineDrive,Double,XBH
60.10336,29.17738,InPlay,FlyBall,Out,Out
39.24802,63.303469,InPlay,Popup,Out,Out
70.6881,-0.457689,InPlay,GroundBall,Single,Single
68.43495,14.699556,InPlay,LineDrive,Double,XBH
64.18762,-1.221405,InPlay,GroundBall,Out,Out
71.57022,17.026553,InPlay,LineDrive,Double,XBH
25.32679,-12.543264,InPlay,Bunt,Single,Single
58.69475,50.458623,InPlay,FlyBall,Out,Out
69.34758,48.087028,InPlay,FlyBall,Out,Out
51.13785,-2.242349,InPlay,GroundBall,Single,Single
55.67866,73.485512,InPlay,Popup,Out,Out
64.41113,23.038548,InPlay,FlyBall,Out,Out
37.72225,-15.836538,InPlay,GroundBall,Out,Out
56.20981,40.67536,InPlay,FlyBall,Out,Out
65.8282,-9.478967,InPlay,GroundBall,Out,Out
52.26633,-37.074945,InPlay,GroundBall,Out,Out
53.13874,19.369663,InPlay,LineDrive,Out,Out
39.56737,-14.58283,InPlay,GroundBall,Out,Out
66.10543,19.279352,InPlay,LineDrive,Double,XBH
64.84856,29.252126,InPlay,FlyBall,Out,Out
67.90525,26.734302,InPlay,LineDrive,Out,Out
51.08211,11.880785,InPlay,LineDrive,Out,Out
62.35228,7.05445,InPlay,LineDrive,Single,Single
51.30672,-10.061271,InPlay,GroundBall,Error,Out
52.1434,16.048654,InPlay,LineDrive,Single,Single
66.28183,44.651528,InPlay,FlyBall,Out,Out
42.49753,-77.336641,InPlay,GroundBall,Single,Single
58.4534,34.769055,InPlay,FlyBall,Out,Out
68.88547,-4.795322,InPlay,GroundBall,Out,Out
53.38714,20.886672,InPlay,LineDrive,Single,Single
58.96492,-4.140252,InPlay,GroundBall,Fielderschoice,Out
75.18505,36.899324,InPlay,FlyBall,Out,Out
65.3997,-14.916492,InPlay,GroundBall,Out,Out
64.89601,-14.343992,InPlay,GroundBall,Error,Out
54.82575,69.902269,InPlay,Popup,Out,Out
40.75715,21.514983,InPlay,GroundBall,Out,Out
57.74307,-55.890485,InPlay,GroundBall,Out,Out
58.17275,-14.035305,InPlay,GroundBall,Out,Out
73.06447,-2.454873,InPlay,GroundBall,Single,Single
63.9321,-9.031441,InPlay,GroundBall,Single,Single
58.87762,49.3498,InPlay,FlyBall,Out,Out
53.07573,49.609441,InPlay,Popup,Out,Out
52.53075,1.531525,InPlay,GroundBall,Out,Out
46.90976,-44.227333,InPlay,GroundBall,Out,Out
47.85303,-55.075281,InPlay,GroundBall,Out,Out
64.54173,31.760189,InPlay,FlyBall,Out,Out
55.76835,19.178753,InPlay,LineDrive,Single,Single
69.3131,20.203732,InPlay,LineDrive,Out,Out
53.6803,8.469982,InPlay,GroundBall,Single,Single
29.02122,-39.111734,InPlay,GroundBall,Out,Out
34.62908,41.502539,InPlay,Popup,Out,Out
65.00602,-13.968618,InPlay,GroundBall,Out,Out
69.78427,-20.535758,InPlay,GroundBall,Single,Single
64.53931,12.776212,InPlay,LineDrive,Out,Out
64.22487,15.770905,InPlay,LineDrive,Out,Out
44.16284,25.967632,InPlay,Popup,Single,Single
58.35631,27.23377,InPlay,FlyBall,Out,Out
44.51088,-1.399582,InPlay,GroundBall,Out,Out
34.70322,-55.916135,InPlay,GroundBall,Out,Out
57.64998,54.060392,InPlay,FlyBall,Out,Out
67.87766,7.687054,InPlay,LineDrive,Double,XBH
58.17618,-10.517418,InPlay,GroundBall,Single,Single
71.39351,16.535424,InPlay,LineDrive,Out,Out
49.17248,21.999843,InPlay,LineDrive,Out,Out
51.94724,-1.804304,InPlay,GroundBall,Single,Single
61.06144,-25.136645,InPlay,GroundBall,Out,Out
68.70914,-11.885722,InPlay,GroundBall,Fielderschoice,Out
59.43841,46.99687,InPlay,FlyBall,Out,Out
71.5982,41.938031,InPlay,FlyBall,Homerun,Homerun
71.91029,53.582852,InPlay,FlyBall,Out,Out
58.71228,19.225577,InPlay,LineDrive,Single,Single
57.50174,19.107275,InPlay,LineDrive,Single,Single
70.17027,31.061989,InPlay,FlyBall,Out,Out
71.5372,7.295589,InPlay,LineDrive,Out,Out
37.95742,25.170931,InPlay,GroundBall,Out,Out
61.83702,21.927303,InPlay,LineDrive,Single,Single
56.41896,34.064592,InPlay,FlyBall,Out,Out
72.41692,24.960776,InPlay,LineDrive,Double,XBH
68.5494,2.600988,InPlay,LineDrive,Single,Single
73.40412,25.680302,InPlay,FlyBall,Homerun,Homerun
49.45944,34.687391,InPlay,LineDrive,Out,Out
69.51908,22.968222,InPlay,LineDrive,Double,XBH
66.5813,8.040923,InPlay,GroundBall,Error,Out
66.74197,36.945015,InPlay,FlyBall,Sacrifice,Out
70.70264,42.276737,InPlay,FlyBall,Homerun,Homerun
70.99196,25.942957,InPlay,FlyBall,Homerun,Homerun
68.24047,-15.445235,InPlay,GroundBall,Out,Out
66.09408,9.239902,InPlay,GroundBall,Out,Out
47.5016,1.434544,InPlay,GroundBall,Single,Single
54.58028,-19.217133,InPlay,GroundBall,Fielderschoice,Out
59.62894,30.378688,InPlay,LineDrive,Out,Out
35.79594,-23.428269,InPlay,GroundBall,Out,Out
78.869,20.989401,InPlay,LineDrive,Homerun,Homerun
61.05825,27.048752,InPlay,LineDrive,Out,Out
68.82168,33.086456,InPlay,FlyBall,Homerun,Homerun
63.24569,-16.750129,InPlay,GroundBall,Out,Out
55.94317,-39.184309,InPlay,GroundBall,Out,Out
73.79326,1.176529,InPlay,GroundBall,Single,Single
76.76723,-5.733978,InPlay,GroundBall,Double,XBH
61.06087,56.975889,InPlay,FlyBall,Out,Out
59.38629,-5.049383,InPlay,GroundBall,Out,Out
72.2577,24.929948,InPlay,LineDrive,Out,Out
56.77929,0.433315,InPlay,GroundBall,Single,Single
61.58392,64.709696,InPlay,FlyBall,Out,Out
69.68438,37.291205,InPlay,FlyBall,Out,Out
62.46143,30.793848,InPlay,LineDrive,Double,XBH
53.15953,59.326999,InPlay,Popup,Out,Out
68.21839,6.697374,InPlay,GroundBall,Double,XBH
64.00685,65.099083,InPlay,Popup,Out,Out
37.22843,-65.955704,InPlay,GroundBall,Out,Out
63.51798,-3.889729,InPlay,GroundBall,Single,Single
61.09272,-22.759075,InPlay,GroundBall,Fielderschoice,Out
62.78371,23.597615,InPlay,LineDrive,Out,Out
55.39341,9.337135,InPlay,GroundBall,Out,Out
48.48046,71.06344,InPlay,Popup,Out,Out
72.0212,22.850911,InPlay,LineDrive,Double,XBH
48.52912,-9.371879,InPlay,GroundBall,Single,Single
58.20887,20.270677,InPlay,LineDrive,Single,Single
64.94717,13.067873,InPlay,LineDrive,Triple,XBH
46.07782,45.272548,InPlay,FlyBall,Single,Single
67.5814,-10.089763,InPlay,GroundBall,Out,Out
47.11844,-49.277404,InPlay,GroundBall,Single,Single
43.93992,-75.742378,InPlay,GroundBall,Out,Out
53.89432,31.910747,InPlay,LineDrive,Out,Out
55.46769,19.692111,InPlay,LineDrive,Single,Single
66.45461,-4.833981,InPlay,GroundBall,Out,Out
36.99127,2.008643,InPlay,GroundBall,Out,Out
56.89696,-21.779668,InPlay,GroundBall,Out,Out
64.48359,-25.138638,InPlay,GroundBall,Out,Out
57.45829,37.167675,InPlay,FlyBall,Out,Out
58.85112,26.981649,InPlay,LineDrive,Out,Out
67.94439,19.827944,InPlay,LineDrive,Double,XBH
55.36781,39.10369,InPlay,FlyBall,Out,Out
49.71009,15.789714,InPlay,LineDrive,Out,Out
63.44637,20.714196,InPlay,LineDrive,Double,XBH
48.48165,27.936616,InPlay,FlyBall,Single,Single
53.14201,21.216587,InPlay,FlyBall,Single,Single
50.28314,65.695957,InPlay,Popup,Out,Out
46.81874,-34.50121,InPlay,GroundBall,Out,Out
56.16478,-11.158241,InPlay,GroundBall,Single,Single
54.3591,-51.431694,InPlay,SlapHit,Fielderschoice,Out
50.81407,62.412272,InPlay,Popup,Out,Out
69.89668,29.571741,InPlay,FlyBall,Out,Out
39.25851,49.743164,InPlay,Popup,Out,Out
70.06609,21.064281,InPlay,LineDrive,Double,XBH
34.13518,-51.062379,InPlay,GroundBall,Fielderschoice,Out
59.43683,-34.092993,InPlay,GroundBall,Fielderschoice,Out
63.51144,16.456071,InPlay,LineDrive,Single,Single
46.42251,-52.13416,InPlay,GroundBall,Out,Out
47.99193,-0.497739,InPlay,GroundBall,Error,Out
58.97135,-20.32841,InPlay,GroundBall,Out,Out
58.94615,40.821879,InPlay,FlyBall,Out,Out
71.10723,12.440799,InPlay,LineDrive,Double,XBH
49.08301,-2.72411,InPlay,GroundBall,Out,Out
59.89429,-13.709781,InPlay,GroundBall,Out,Out
71.46826,-2.238937,InPlay,GroundBall,Single,Single
42.37922,-12.324604,InPlay,GroundBall,Out,Out
62.28417,0.915869,InPlay,GroundBall,Single,Single
67.46104,-6.193892,InPlay,GroundBall,Single,Single
61.04216,-25.997002,InPlay,GroundBall,Fielderschoice,Out
51.9748,-12.364781,InPlay,GroundBall,Out,Out
51.0073,29.547013,InPlay,FlyBall,Single,Single
53.03298,-17.737084,InPlay,GroundBall,Fielderschoice,Out
71.18424,3.092099,InPlay,LineDrive,Single,Single
66.07859,33.377695,InPlay,FlyBall,Out,Out
50.52849,-26.561959,InPlay,GroundBall,Single,Single
63.13685,-11.165516,InPlay,GroundBall,Single,Single
75.01826,13.742815,InPlay,LineDrive,Double,XBH
60.74577,-12.290521,InPlay,GroundBall,Single,Single
58.33911,-2.379071,InPlay,GroundBall,Out,Out
51.80866,10.632017,InPlay,LineDrive,Out,Out
47.53124,46.438985,InPlay,FlyBall,Single,Single
32.67968,-38.00886,InPlay,GroundBall,Out,Out
60.53104,47.334533,InPlay,FlyBall,Out,Out
67.45753,0.795063,InPlay,GroundBall,Out,Out
68.14732,-1.015526,InPlay,GroundBall,Single,Single
55.98816,54.045355,InPlay,FlyBall,Out,Out
73.04996,4.170008,InPlay,LineDrive,Single,Single
53.30768,22.616931,InPlay,LineDrive,Single,Single
45.95909,20.010546,InPlay,LineDrive,Single,Single
51.3641,36.703821,InPlay,FlyBall,Double,XBH
52.74628,82.427446,InPlay,FlyBall,Error,Out
69.87936,16.36679,InPlay,FlyBall,Out,Out
73.83324,25.621115,InPlay,FlyBall,Homerun,Homerun
54.364,13.156259,InPlay,LineDrive,Out,Out
62.26438,0.593705,InPlay,GroundBall,Out,Out
71.31983,6.195369,InPlay,GroundBall,Out,Out
71.61961,5.820047,InPlay,LineDrive,Single,Single
69.37796,29.673986,InPlay,FlyBall,Double,XBH
47.94013,32.382494,InPlay,Popup,Single,Single
61.29433,-2.195612,InPlay,GroundBall,Out,Out
72.79641,-7.308632,InPlay,LineDrive,Single,Single
56.17767,89.099623,InPlay,Popup,Out,Out
61.96314,15.546646,InPlay,LineDrive,Single,Single
66.2563,24.338838,InPlay,LineDrive,Triple,XBH
42.5329,-55.545589,InPlay,GroundBall,Out,Out
66.21606,42.691185,InPlay,FlyBall,Out,Out
64.80917,5.092657,InPlay,GroundBall,Out,Out
70.0512,7.312729,InPlay,LineDrive,Single,Single
65.86756,-38.923638,InPlay,GroundBall,Out,Out
66.96953,43.619921,InPlay,FlyBall,Out,Out
47.13862,10.202396,InPlay,LineDrive,Out,Out
52.8317,28.29531,InPlay,FlyBall,Out,Out
63.27125,24.130645,InPlay,LineDrive,Single,Single
35.25175,-16.072759,InPlay,GroundBall,Out,Out
49.65912,-49.735319,InPlay,GroundBall,Out,Out
71.10462,12.00978,InPlay,LineDrive,Single,Single
56.88987,50.326888,InPlay,FlyBall,Out,Out
65.10436,42.040175,InPlay,FlyBall,Out,Out
68.66464,43.825423,InPlay,FlyBall,Out,Out
59.47271,-20.691278,InPlay,GroundBall,Out,Out
73.05653,2.462603,InPlay,LineDrive,Single,Single
65.98553,40.170456,InPlay,FlyBall,Out,Out
68.23838,60.600656,InPlay,FlyBall,Out,Out
66.65252,45.947831,InPlay,FlyBall,Out,Out
68.33934,31.529135,InPlay,FlyBall,Out,Out
59.79461,15.826567,InPlay,LineDrive,Single,Single
66.04893,-11.029004,InPlay,GroundBall,Single,Single
71.76212,28.522917,InPlay,FlyBall,Homerun,Homerun
44.3124,-73.185073,InPlay,GroundBall,Out,Out
52.0895,17.040719,InPlay,LineDrive,Single,Single
39.76059,-19.649765,InPlay,GroundBall,Single,Single
23.38503,-45.203449,InPlay,GroundBall,Sacrifice,Out
68.77607,24.655962,InPlay,FlyBall,Double,XBH
62.54111,2.349922,InPlay,LineDrive,Single,Single
63.97606,0.807711,InPlay,LineDrive,Single,Single
45.28568,59.016427,InPlay,Popup,Out,Out
72.32498,-2.780474,InPlay,LineDrive,Single,Single
59.92959,55.354628,InPlay,FlyBall,Out,Out
58.36734,-18.669287,InPlay,GroundBall,Out,Out
53.89422,16.923529,InPlay,LineDrive,Out,Out
66.46735,-3.029937,InPlay,GroundBall,Out,Out
62.12942,9.546906,InPlay,GroundBall,Out,Out
71.41208,23.162834,InPlay,LineDrive,Double,XBH
62.86499,18.833868,InPlay,LineDrive,Out,Out
51.19231,27.352635,InPlay,FlyBall,Single,Single
61.28949,22.847386,InPlay,FlyBall,Out,Out
52.43566,-5.539099,InPlay,GroundBall,Out,Out
53.42441,30.790506,InPlay,FlyBall,Out,Out
71.40899,11.793957,InPlay,LineDrive,Out,Out
61.0924,28.579596,InPlay,FlyBall,Out,Out
33.69917,-15.510665,InPlay,GroundBall,Out,Out
60.96965,-83.354575,InPlay,GroundBall,Single,Single
72.98916,40.675198,InPlay,FlyBall,Homerun,Homerun
46.50182,9.760922,InPlay,GroundBall,Double,XBH
56.81799,-42.683074,InPlay,GroundBall,Out,Out
65.57614,10.761967,InPlay,LineDrive,Single,Single
42.22056,-3.461636,InPlay,GroundBall,Fielderschoice,Out
66.25844,40.058585,InPlay,FlyBall,Out,Out
56.64512,32.07244,InPlay,FlyBall,Out,Out
72.41218,1.567882,InPlay,LineDrive,Single,Single
71.51109,-4.82508,InPlay,GroundBall,Fielderschoice,Out
60.39325,-7.147097,InPlay,GroundBall,Out,Out
56.59336,-21.151539,InPlay,GroundBall,Out,Out
58.06883,36.057945,InPlay,FlyBall,Out,Out
30.14137,-20.143,InPlay,GroundBall,Out,Out
45.33864,-20.525627,InPlay,GroundBall,Out,Out
69.97483,54.400653,InPlay,FlyBall,Out,Out
62.90738,34.7152,InPlay,FlyBall,Out,Out
79.81519,-12.428833,InPlay,GroundBall,Out,Out
48.85071,-30.635685,InPlay,GroundBall,Out,Out
65.21273,2.922262,InPlay,LineDrive,Out,Out
62.9761,14.377895,InPlay,LineDrive,Single,Single
73.37822,33.993049,InPlay,FlyBall,Homerun,Homerun
63.34952,6.275967,InPlay,GroundBall,Out,Out
71.80776,25.70829,InPlay,LineDrive,Double,XBH
24.60048,30.216686,InPlay,GroundBall,Out,Out
67.34172,34.478196,InPlay,FlyBall,Out,Out
69.64261,-17.798694,InPlay,GroundBall,Out,Out
71.78902,8.413254,InPlay,LineDrive,Single,Single
59.30115,-16.081094,InPlay,GroundBall,Out,Out
65.55871,32.667796,InPlay,FlyBall,Out,Out
69.25298,30.916653,InPlay,FlyBall,Out,Out
57.26591,-35.376909,InPlay,GroundBall,Out,Out
70.23471,35.577895,InPlay,Popup,Out,Out
72.46314,29.104718,InPlay,FlyBall,Out,Out
72.72108,-7.773158,InPlay,GroundBall,Out,Out
72.66801,-9.975133,InPlay,GroundBall,Out,Out
65.72381,1.969903,InPlay,GroundBall,Out,Out
77.02996,-2.907077,InPlay,LineDrive,Single,Single
40.31208,14.018826,InPlay,LineDrive,Out,Out
72.02733,56.000246,InPlay,FlyBall,Out,Out
74.83849,12.540596,InPlay,LineDrive,Single,Single
52.49268,46.169664,InPlay,FlyBall,Out,Out
59.27624,-7.360915,InPlay,GroundBall,Out,Out
72.94577,31.761365,InPlay,FlyBall,Homerun,Homerun
78.68895,30.39915,InPlay,FlyBall,Homerun,Homerun
68.74217,44.085491,InPlay,FlyBall,Out,Out
48.76688,28.925816,InPlay,LineDrive,Single,Single
56.54545,27.91412,InPlay,FlyBall,Out,Out
74.14868,2.223943,InPlay,LineDrive,Single,Single
74.40648,15.642765,InPlay,LineDrive,Out,Out
75.52982,25.659904,InPlay,FlyBall,Homerun,Homerun
66.84535,10.199849,InPlay,LineDrive,Single,Single
64.33485,-47.561629,InPlay,GroundBall,Single,Single
61.06123,-11.270988,InPlay,GroundBall,Out,Out
63.72312,-17.661162,InPlay,LineDrive,Single,Single
67.10172,7.768437,InPlay,LineDrive,Out,Out
54.61445,-0.997289,InPlay,GroundBall,Out,Out
50.30095,46.842255,InPlay,FlyBall,Out,Out
50.27841,8.373718,InPlay,GroundBall,Out,Out
49.17129,-67.381301,InPlay,GroundBall,Out,Out
82.14128,8.350455,InPlay,LineDrive,Single,Single
35.07355,85.964204,InPlay,FlyBall,Out,Out
31.44417,-53.539801,InPlay,GroundBall,Out,Out
71.2277,19.914958,InPlay,LineDrive,Out,Out
67.52809,49.84108,InPlay,FlyBall,Out,Out
32.35697,-16.05549,InPlay,GroundBall,Out,Out
65.49638,-15.075409,InPlay,GroundBall,Single,Single
74.69004,17.887675,InPlay,LineDrive,Out,Out
60.44727,57.20919,InPlay,Popup,Out,Out
61.42781,26.851311,InPlay,FlyBall,Out,Out
74.1291,2.419375,InPlay,GroundBall,Out,Out
64.56562,-1.535898,InPlay,LineDrive,Single,Single
75.45842,2.165161,InPlay,GroundBall,Out,Out
65.39113,15.407953,InPlay,LineDrive,Single,Single
57.85996,25.241778,InPlay,FlyBall,Out,Out
52.38633,23.648919,InPlay,FlyBall,Single,Single
60.15115,-51.901587,InPlay,GroundBall,Fielderschoice,Out
76.76232,26.851182,InPlay,FlyBall,Homerun,Homerun
72.22351,-15.63238,InPlay,GroundBall,Out,Out
63.777,82.907342,InPlay,FlyBall,Out,Out
60.70198,13.782877,InPlay,LineDrive,Single,Single
50.86372,-21.933909,InPlay,GroundBall,Out,Out
63.63179,44.775489,InPlay,FlyBall,Out,Out
66.49026,53.851768,InPlay,FlyBall,Out,Out
62.81466,44.696794,InPlay,FlyBall,Out,Out
57.65627,7.40439,InPlay,LineDrive,Out,Out
64.01049,6.864877,InPlay,GroundBall,Out,Out
59.30269,1.034505,InPlay,GroundBall,Out,Out
61.30548,51.108572,InPlay,FlyBall,Out,Out
74.7743,17.287116,InPlay,LineDrive,Single,Single
75.12039,29.013409,InPlay,FlyBall,Homerun,Homerun
46.55243,34.830661,InPlay,LineDrive,Single,Single
72.13629,18.149308,InPlay,FlyBall,Out,Out
55.63196,52.937919,InPlay,Popup,Out,Out
57.74086,-14.104592,InPlay,GroundBall,Out,Out
56.1324,10.880648,InPlay,LineDrive,Out,Out
54.45089,30.880358,InPlay,FlyBall,Single,Single
33.33402,-25.464821,InPlay,GroundBall,Out,Out
69.3705,31.866479,InPlay,FlyBall,Double,XBH
31.99227,-17.700873,InPlay,GroundBall,Single,Single
62.68687,85.82693,InPlay,Popup,Out,Out
45.19305,8.160391,InPlay,GroundBall,Out,Out
66.94343,45.255658,InPlay,Popup,Out,Out
59.34902,4.970722,InPlay,GroundBall,Out,Out
69.16802,29.979291,InPlay,LineDrive,Homerun,Homerun
72.26913,8.622716,InPlay,LineDrive,Single,Single
58.80628,7.940347,InPlay,LineDrive,Out,Out
70.12229,9.605752,InPlay,LineDrive,Single,Single
57.84721,33.869768,InPlay,FlyBall,Out,Out
38.63535,17.210386,InPlay,GroundBall,Out,Out
80.89263,46.324158,InPlay,LineDrive,Homerun,Homerun
50.20985,71.179054,InPlay,Popup,Out,Out
66.75461,54.515084,InPlay,FlyBall,Out,Out
67.58502,6.154307,InPlay,LineDrive,Single,Single
67.22745,32.70895,InPlay,FlyBall,Out,Out
65.46431,44.902095,InPlay,FlyBall,Out,Out
73.60865,-0.394231,InPlay,GroundBall,Out,Out
71.00115,34.350178,InPlay,LineDrive,Homerun,Homerun
77.48336,35.95615,InPlay,LineDrive,Homerun,Homerun
67.71364,43.928029,InPlay,FlyBall,Out,Out
62.03728,36.351606,InPlay,FlyBall,Out,Out
48.75781,-29.05853,InPlay,GroundBall,Out,Out
72.11929,26.65058,InPlay,FlyBall,Double,XBH
69.62857,4.528947,InPlay,GroundBall,Out,Out
62.83771,-9.043464,InPlay,GroundBall,Out,Out
71.54724,-3.681698,InPlay,GroundBall,Out,Out
68.79003,-1.581465,InPlay,GroundBall,Out,Out
40.461,53.908897,InPlay,Popup,Out,Out
73.78369,3.172813,InPlay,GroundBall,Single,Single
73.45704,17.166187,InPlay,LineDrive,Double,XBH
73.39647,36.652638,InPlay,LineDrive,Homerun,Homerun
61.38225,63.065053,InPlay,FlyBall,Out,Out
49.54432,30.260249,InPlay,SlapHit,Single,Single
56.94126,39.663721,InPlay,FlyBall,Out,Out
68.41683,-6.566714,InPlay,GroundBall,Single,Single
55.0701,51.356427,InPlay,FlyBall,Out,Out
72.71859,21.876215,InPlay,LineDrive,Double,XBH
30.66354,-22.643825,InPlay,GroundBall,Single,Single
61.20122,50.920996,InPlay,FlyBall,Out,Out
54.90852,33.64375,InPlay,FlyBall,Out,Out
59.9129,22.107831,InPlay,LineDrive,Single,Single
65.83608,0.671426,InPlay,GroundBall,Out,Out
50.75195,23.929486,InPlay,LineDrive,Single,Single
41.7742,46.700582,InPlay,FlyBall,Out,Out
63.79542,-3.08877,InPlay,GroundBall,Out,Out
68.78517,10.787639,InPlay,LineDrive,Out,Out
33.19162,-11.977784,InPlay,GroundBall,Out,Out
63.05255,20.138955,InPlay,FlyBall,Out,Out
57.199,26.540555,InPlay,FlyBall,Single,Single
64.56664,52.916139,InPlay,Popup,Out,Out
42.33149,16.700171,InPlay,GroundBall,Single,Single
38.36274,-23.2367,InPlay,GroundBall,Out,Out
61.46433,8.608732,InPlay,LineDrive,Out,Out
66.36927,58.400654,InPlay,FlyBall,Out,Out
58.4018,86.516967,InPlay,Popup,Out,Out
50.24864,40.893775,InPlay,Popup,Out,Out
61.88653,-2.465729,InPlay,GroundBall,Out,Out
39.39601,-39.286146,InPlay,GroundBall,Out,Out
37.99999,36.679786,InPlay,FlyBall,Out,Out
47.12225,12.308207,InPlay,GroundBall,Out,Out
69.91209,-3.339849,InPlay,GroundBall,Out,Out
55.56506,64.963962,InPlay,Popup,Out,Out
65.99271,30.979099,InPlay,FlyBall,Out,Out
62.44489,27.682622,InPlay,FlyBall,Out,Out
25.73534,-30.689323,InPlay,GroundBall,Out,Out
44.14608,12.78837,InPlay,GroundBall,Out,Out
71.26981,15.477415,InPlay,LineDrive,Out,Out
47.47029,-34.02352,InPlay,GroundBall,Fielderschoice,Out
69.07857,53.866774,InPlay,FlyBall,Out,Out
72.57837,20.32262,InPlay,LineDrive,Out,Out
50.14231,-38.901516,InPlay,GroundBall,Out,Out
66.0412,6.964422,InPlay,GroundBall,Single,Single
35.54274,-64.102677,InPlay,GroundBall,Single,Single
65.01402,5.967903,InPlay,GroundBall,Fielderschoice,Out
19.56503,-56.497384,InPlay,GroundBall,Out,Out
62.19181,-5.590686,InPlay,LineDrive,Error,Out
59.82156,15.210025,InPlay,LineDrive,Single,Single
49.5497,-7.603503,InPlay,GroundBall,Out,Out
67.98262,53.501143,InPlay,FlyBall,Out,Out
66.72624,60.06416,InPlay,FlyBall,Out,Out
59.01897,-15.025202,InPlay,GroundBall,Single,Single
69.30566,-5.489998,InPlay,GroundBall,Out,Out
71.09,59.731208,InPlay,FlyBall,Out,Out
59.29001,16.575872,InPlay,LineDrive,Single,Single
35.66663,-4.438111,InPlay,GroundBall,Single,Single
70.87839,37.873481,InPlay,FlyBall,Out,Out
73.08021,-5.807057,InPlay,LineDrive,Error,Out
62.79109,-20.747488,InPlay,GroundBall,Fielderschoice,Out
64.36668,11.723933,InPlay,LineDrive,Single,Single
65.21765,1.501549,InPlay,LineDrive,Single,Single
52.04045,6.085626,InPlay,LineDrive,Out,Out
70.61204,-2.772877,InPlay,GroundBall,Single,Single
64.99423,44.421242,InPlay,FlyBall,Out,Out
64.7078,38.544755,InPlay,FlyBall,Out,Out
62.36968,-15.700964,InPlay,GroundBall,Single,Single
50.73367,-13.387464,InPlay,GroundBall,Out,Out
41.50075,34.018868,InPlay,Popup,Out,Out
43.65983,12.058342,InPlay,GroundBall,Out,Out
48.70711,42.743248,InPlay,Popup,Single,Single
60.80901,22.154557,InPlay,LineDrive,Single,Single
79.35195,19.301932,InPlay,LineDrive,Homerun,Homerun
73.7092,10.704361,InPlay,LineDrive,Single,Single
60.22955,-9.517918,InPlay,GroundBall,Error,Out
44.27173,5.577196,InPlay,GroundBall,Out,Out
69.80458,30.909483,InPlay,FlyBall,Homerun,Homerun
66.18548,-9.269923,InPlay,GroundBall,Out,Out
58.74362,51.671082,InPlay,FlyBall,Out,Out
38.68219,-43.987846,InPlay,GroundBall,Out,Out
51.86786,4.381317,InPlay,LineDrive,Single,Single
69.04129,-13.155925,InPlay,GroundBall,Fielderschoice,Out
56.62586,-11.065894,InPlay,GroundBall,Out,Out
32.69878,-50.167087,InPlay,GroundBall,Error,Out
38.05291,-78.181626,InPlay,GroundBall,Out,Out
30.59703,-45.273618,InPlay,GroundBall,Error,Out
46.04822,1.92474,InPlay,GroundBall,Fielderschoice,Out
58.55845,16.453948,InPlay,Popup,Single,Single
68.7738,32.191899,InPlay,FlyBall,Homerun,Homerun
49.91803,-11.703186,InPlay,GroundBall,Out,Out
64.98551,29.418664,InPlay,FlyBall,Out,Out
71.15006,-22.415479,InPlay,GroundBall,Single,Single
68.2421,13.551557,InPlay,LineDrive,Single,Single
73.13598,0.038108,InPlay,GroundBall,Single,Single
71.65413,13.931803,InPlay,LineDrive,Double,XBH
38.01402,38.02642,InPlay,FlyBall,Out,Out
58.13076,-2.165404,InPlay,GroundBall,Error,Out
43.65104,48.169893,InPlay,Popup,Single,Single
73.49049,7.143434,InPlay,LineDrive,Double,XBH
69.50067,13.45907,InPlay,LineDrive,Single,Single
53.96438,17.706149,InPlay,LineDrive,Single,Single
32.43475,35.75346,InPlay,Popup,Out,Out
61.57523,-4.286609,InPlay,GroundBall,Out,Out
61.45139,-4.417244,InPlay,GroundBall,Out,Out
54.10893,27.462797,InPlay,LineDrive,Single,Single
64.31622,36.528392,InPlay,FlyBall,Out,Out
55.76902,-57.890771,InPlay,GroundBall,Single,Single
59.38869,46.870907,InPlay,Popup,Out,Out
55.08211,-1.872147,InPlay,GroundBall,Fielderschoice,Out
43.29835,-7.768873,InPlay,GroundBall,Out,Out
32.58309,52.714646,InPlay,Popup,Single,Single
56.09667,45.263834,InPlay,FlyBall,Out,Out
56.26978,15.273021,InPlay,LineDrive,Single,Single
68.5994,35.740896,InPlay,FlyBall,Out,Out
71.88767,-5.12172,InPlay,GroundBall,Single,Single
47.41621,-1.796595,InPlay,GroundBall,Out,Out
74.43655,27.765574,InPlay,FlyBall,Homerun,Homerun
70.3432,24.635913,InPlay,LineDrive,Double,XBH
61.47873,2.130358,InPlay,GroundBall,Single,Single
70.10567,22.026086,InPlay,FlyBall,Double,XBH
46.24132,13.860612,InPlay,LineDrive,Single,Single
56.58244,27.192124,InPlay,FlyBall,Single,Single
54.4982,16.948305,InPlay,LineDrive,Single,Single
70.3871,12.847335,InPlay,LineDrive,Out,Out
44.56373,6.770525,InPlay,GroundBall,Out,Out
47.13613,-71.319518,InPlay,GroundBall,Single,Single
45.59424,55.841255,InPlay,Popup,Out,Out
71.15828,-11.395873,InPlay,GroundBall,Out,Out
57.29905,30.393098,InPlay,Popup,Out,Out
65.92765,-13.158091,InPlay,GroundBall,Fielderschoice,Out
58.88464,-0.756583,InPlay,GroundBall,Fielderschoice,Out
51.13693,17.932312,InPlay,Popup,Out,Out
55.59323,62.342387,InPlay,Popup,Out,Out
19.55357,19.448666,InPlay,Bunt,Out,Out
65.54563,6.707136,InPlay,LineDrive,Single,Single
74.38949,-14.544556,InPlay,GroundBall,Error,Out
70.38419,19.696068,InPlay,LineDrive,Single,Single
53.27945,18.24501,InPlay,LineDrive,Single,Single
33.13534,35.043672,InPlay,Popup,Out,Out
65.04386,3.74254,InPlay,GroundBall,Single,Single
67.27087,6.692493,InPlay,LineDrive,Single,Single
73.24623,12.307108,InPlay,LineDrive,Double,XBH
76.0709,40.985991,InPlay,LineDrive,Homerun,Homerun
66.28546,33.683099,InPlay,FlyBall,Out,Out
69.03827,14.792033,InPlay,Popup,Out,Out
49.68767,23.808058,InPlay,LineDrive,Single,Single
65.44623,4.534192,InPlay,GroundBall,Error,Out
61.33446,-46.103478,InPlay,GroundBall,Out,Out
65.12157,3.124185,InPlay,LineDrive,Single,Single
72.945,26.532541,InPlay,LineDrive,Homerun,Homerun
76.1504,4.169403,InPlay,LineDrive,Single,Single
61.66839,86.081544,InPlay,Popup,Out,Out
58.68452,26.105699,InPlay,FlyBall,Out,Out
54.59853,-26.568519,InPlay,GroundBall,Out,Out
25.49899,-58.072747,InPlay,GroundBall,Single,Single
66.59527,48.069007,InPlay,FlyBall,Out,Out
75.68167,34.396926,InPlay,LineDrive,Homerun,Homerun
69.72817,20.083154,InPlay,FlyBall,Out,Out
64.75142,11.133338,InPlay,LineDrive,Single,Single
57.27892,-24.382582,InPlay,GroundBall,Fielderschoice,Out
64.98685,52.397114,InPlay,Popup,Out,Out
62.59632,38.782425,InPlay,FlyBall,Out,Out
62.94401,36.991109,InPlay,FlyBall,Out,Out
58.82058,36.024047,InPlay,FlyBall,Out,Out
